start,end,today,deviceid,phonenumber,Category,District,Tehsil,Area_Union Council,Gender,Age,ValAdd,ValAdd_Transp,ValAdd_Storage,ValAdd_PHC,ValAdd_CA,ValAdd_Package,ValAdd_Other,ValAdd_OtherText,FamilySize,Employ,EmployMen,EmployWomen,EmployDK,EmployNA,EmployMen_No,EmployWomen_No,Buy,Buy_Farmer,Buy_PHC,Buy_Other,MR_Buy_Amt,MR_Buy_Amt_Avg,MR_Buy_Amt_DK,MR_Buy_Amt_NA,Buy_Prod_AvgVal,Sell,Sell_ColdSt,Sell_PHC,Sell_WS,Sell_Proc_Exp,Sell_SM,Sell_Retail,Sell_CA,Sell_Other,CA_Loc,CA_Peshawar,CA_Faisalabad,CA_Islamabad,CA_Rawalpindi,CA_Sargodha,CA_Sialkot,CA_Lahore,CA_Gujranwala,CA_Multan,CA_Hafizabad,CA_D.I. Khan,CA_Quetta,CA_Sukkur,CA_Khairpur,CA_Hyderabad,CA_Karachi,CA_Jacobabad,CA_Other,CA_OtherTxt,Profit,Profit_Avg,Profit_DK,Profit_NA,Profit_AvgVal,Coord,Coord_Lat,Coord_Lon,Coord_Alt,Coord_Prec,Comments,Enumerator,_id,_uuid,_submission_time,_validation_status,_index
4/1/20 7:29,4/1/20 7:38,4/1/20,3.53E+14,,Middle-man (Pre-harvest Contractor/Commission Agent),Killah Abdullah,Killah Abdullah,habibzai,Male,25-40 years,Pre-harvest Contract,0,0,1,0,0,0,,10,Men,1,0,0,0,50,,Farmer,1,0,0,Average,1,0,0,30000,Cold Store Commisson Agent (Arthi),1,0,0,0,0,0,1,0,Other,0,0,0,0,0,0,0,0,0,0,0,0,0,0,0,0,0,1,Mardan,Not Answered,0,0,1,,30.67950056 66.66515332 1456.0 3.0,30.67950056,66.66515332,1456,3,,Naveed Ahmed,50059404,dd1c4ef2-093a-45de-8341-6fa9969f5b68,4/1/20 7:39,,28
4/4/20 6:02,4/4/20 6:14,4/4/20,3.52E+14,,Middle-man (Pre-harvest Contractor/Commission Agent),Killah Saifullah,Muslimbagh,Urghas Sadar,Male,>40 years,Pre-harvest Contract Package material provider,0,0,1,0,1,0,,20,Don't Know,0,0,1,0,,,Farmer,1,0,0,Average,1,0,0,5000000,Wholesaler (Mashakhor),0,0,1,0,0,0,0,0,,,,,,,,,,,,,,,,,,,,,Average,1,0,0,500000,30.84242952 67.69294067 1819.385498046875 3.216,30.84242952,67.69294067,1819.385498,3.216,Thanks,Muhammad Sadiq kakar,50331142,041a1b51-de72-4fb3-b4b9-9021019911a1,4/6/20 14:22,,61
4/4/20 5:47,4/4/20 6:02,4/4/20,3.52E+14,,Middle-man (Pre-harvest Contractor/Commission Agent),Killah Saifullah,Muslimbagh,Urghas,Male,>40 years,Pre-harvest Contract Package material provider,0,0,1,0,1,0,,9,Men,1,0,0,0,9,,Farmer,1,0,0,Average,1,0,0,100000,Wholesaler (Mashakhor),0,0,1,0,0,0,0,0,,,,,,,,,,,,,,,,,,,,,Average,1,0,0,300000,30.84349151 67.69124055 1827.538330078125 3.216,30.84349151,67.69124055,1827.53833,3.216,Thanks,Muhammad Sadiq kakar,50331141,58ed637f-0df6-42c5-a1f7-4292ab9811ea,4/6/20 14:22,,62
3/25/20 7:33,3/25/20 7:41,3/25/20,290c801f12cdf685,,Middle-man (Pre-harvest Contractor/Commission Agent),Quetta,Quetta City,Henna,Male,>40 years,Pre-harvest Contract,0,0,1,0,0,0,,30,Men,1,0,0,0,20,,Farmer,1,0,0,Average,1,0,0,6000,Cold Store Commisson Agent (Arthi),1,0,0,0,0,0,1,0,Karachi Quetta Hyderabad Lahore,0,0,0,0,0,0,1,0,0,0,0,1,0,0,1,1,0,0,,Not Answered,0,0,1,,30.25890786666423 67.14526067487895 1954.0 5.0,30.25890787,67.14526067,1954,5,,Abdul Hakeem,49698433,71be66cb-0a42-42d8-9d2a-b2a88004fdd3,3/25/20 10:02,,76
3/25/20 8:34,3/25/20 8:40,3/25/20,290c801f12cdf685,,Middle-man (Pre-harvest Contractor/Commission Agent),Quetta,Quetta City,Henna,Male,25-40 years,Pre-harvest Contract,0,0,1,0,0,0,,20,Men,1,0,0,0,200,,Farmer,1,0,0,Average,1,0,0,50000,Cold Store Commisson Agent (Arthi),1,0,0,0,0,0,1,0,Lahore Gujranwala Other,0,0,0,0,0,0,1,1,0,0,0,0,0,0,0,0,0,1,Sarghodha,Not Answered,0,0,1,,30.270553682930768 67.15418631210923 1989.0 5.0,30.27055368,67.15418631,1989,5,,Abdul Hakeem,49698442,eb7e6475-ddf9-436f-950b-47ae9f6e41ba,3/25/20 10:02,,81
4/1/20 5:44,4/1/20 5:51,4/1/20,3.53E+14,,Middle-man (Pre-harvest Contractor/Commission Agent),Killah Abdullah,Killah Abdullah,killa abdullah,Male,25-40 years,Pre-harvest Contract,0,0,1,0,0,0,,8,Men,1,0,0,0,40,,Farmer,1,0,0,Average,1,0,0,7000,Cold Store Supermarket,1,0,0,0,1,0,0,0,,,,,,,,,,,,,,,,,,,,,Average,1,0,0,100000,30.73054783 66.67715655 1526.0 3.0,30.73054783,66.67715655,1526,3,,Naveed Ahmed,50055128,f0c5842e-bbf9-4a88-829f-647499d925eb,4/1/20 5:52,,97
4/1/20 12:38,4/1/20 12:40,4/1/20,290c801f12cdf685,,Middle-man (Pre-harvest Contractor/Commission Agent),Killah Abdullah,Gulistan,Abdul Rehmanzai,Male,25-40 years,Pre-harvest Contract,0,0,1,0,0,0,,15,Men,1,0,0,0,35,,Farmer,1,0,0,Not Answered,0,0,1,,Cold Store Commisson Agent (Arthi),1,0,0,0,0,0,1,0,Sukkur,0,0,0,0,0,0,0,0,0,0,0,0,1,0,0,0,0,0,,Not Answered,0,0,1,,30.60016938485205 66.62533541209996 1429.0 4.5,30.60016938,66.62533541,1429,4.5,,Abdul Hakeem,50075593,fba894b9-027f-46e8-9887-32e732eeeede,4/1/20 13:02,,113
4/1/20 12:40,4/1/20 12:51,4/1/20,290c801f12cdf685,,Middle-man (Pre-harvest Contractor/Commission Agent),Killah Abdullah,Gulistan,Abdul Rehmanzai,Male,>40 years,Pre-harvest Contract,0,0,1,0,0,0,,18,Men,1,0,0,0,55,,Farmer,1,0,0,Average,1,0,0,50000,Cold Store Commisson Agent (Arthi),1,0,0,0,0,0,1,0,Lahore Other,0,0,0,0,0,0,1,0,0,0,0,0,0,0,0,0,0,1,"Mardan, Taymergarah",Not Answered,0,0,1,,30.60017810203135 66.62312778644264 1439.0 5.5,30.6001781,66.62312779,1439,5.5,,Abdul Hakeem,50075594,b945aad1-1363-48ff-8d20-cb10170059bb,4/1/20 13:02,,114
4/1/20 12:51,4/1/20 12:59,4/1/20,290c801f12cdf685,,Middle-man (Pre-harvest Contractor/Commission Agent),Killah Abdullah,Gulistan,Abdul Rahmanzai,Male,>40 years,Pre-harvest Contract,0,0,1,0,0,0,,15,Men,1,0,0,0,40,,Farmer,1,0,0,Average,1,0,0,20000,Cold Store Commisson Agent (Arthi),1,0,0,0,0,0,1,0,Lahore Gujranwala Hafizabad Sargodha Islamabad,0,0,1,0,1,0,1,1,0,1,0,0,0,0,0,0,0,0,,Not Answered,0,0,1,,30.61221149750054 66.62688069976866 1446.0 5.0,30.6122115,66.6268807,1446,5,,Abdul Hakeem,50075596,5bf7cded-cf4e-4759-9933-035aa548d4a4,4/1/20 13:02,,115
4/15/20 9:02,4/15/20 9:12,4/15/20,3.52E+14,,Middle-man (Pre-harvest Contractor/Commission Agent),Killah Saifullah,Loiband,Mama mache zai,Male,>40 years,Pre-harvest Contract,0,0,1,0,0,0,,22,Men,1,0,0,0,15,,Farmer,1,0,0,Average,1,0,0,650000,Wholesaler (Mashakhor),0,0,1,0,0,0,0,0,,,,,,,,,,,,,,,,,,,,,Average,1,0,0,1250000,31.29194556 67.70928885 2150.55517578125 4.288,31.29194556,67.70928885,2150.555176,4.288,Thanks,Muhammad Sadiq kakar,50807139,8c4ef6e6-5a0e-49f4-b9cf-e3840aee609c,4/15/20 16:50,,172
4/15/20 11:20,4/15/20 11:25,4/15/20,3.52E+14,,Middle-man (Pre-harvest Contractor/Commission Agent),Killah Saifullah,Loiband,Loi band,Male,>40 years,Pre-harvest Contract,0,0,1,0,0,0,,25,Men,1,0,0,0,5,,Farmer,1,0,0,Average,1,0,0,23000,Wholesaler (Mashakhor),0,0,1,0,0,0,0,0,,,,,,,,,,,,,,,,,,,,,Average,1,0,0,5000000,31.23313586 67.62392803 2154.35400390625 4.288,31.23313586,67.62392803,2154.354004,4.288,Thanks,Muhammad Sadiq kakar,50807147,b4547454-b135-4ccf-b820-47e1671d60a0,4/15/20 16:50,,177
4/15/20 15:00,4/15/20 15:09,4/15/20,3.52E+14,,Middle-man (Pre-harvest Contractor/Commission Agent),Killah Saifullah,Muslimbagh,Murgha Faqir zai,Male,>40 years,Pre-harvest Contract Package material provider Other,0,0,1,0,1,1,Pesticides fertilizers,14,Men,1,0,0,0,20,,Farmer,1,0,0,Average,1,0,0,90000,Wholesaler (Mashakhor),0,0,1,0,0,0,0,0,,,,,,,,,,,,,,,,,,,,,Average,1,0,0,1500000,30.98534793 67.80465357 2410.927978515625 4.288,30.98534793,67.80465357,2410.927979,4.288,Thanks,Muhammad Sadiq kakar,50807155,7261ccb1-0386-4314-80b8-b4f12a21a349,4/15/20 16:50,,184
4/28/20 4:11,4/28/20 10:04,4/28/20,290c801f12cdf685,,Middle-man (Pre-harvest Contractor/Commission Agent),Kalat,Khaliqabad Mangocher,Mangochar,Male,>40 years,Pre-harvest Contract,0,0,1,0,0,0,,25,Men,1,0,0,0,20,,Farmer,1,0,0,Average,1,0,0,100000,Cold Store Commisson Agent (Arthi),1,0,0,0,0,0,1,0,Lahore Karachi Islamabad,0,0,1,0,0,0,1,0,0,0,0,0,0,0,0,1,0,0,,Not Answered,0,0,1,,29.38383847475052 66.64127351716161 1732.0 8.0,29.38383847,66.64127352,1732,8,Amin thkadar,Abdul Hakeem,51653903,9f4e9201-dbf3-43bf-bebb-698054a7dfab,4/28/20 13:17,,267
4/28/20 4:14,4/28/20 10:05,4/28/20,290c801f12cdf685,,Middle-man (Pre-harvest Contractor/Commission Agent),Kalat,Khaliqabad Mangocher,Tahsil,Male,>40 years,Pre-harvest Contract,0,0,1,0,0,0,,20,Men,1,0,0,0,100,,Farmer,1,0,0,Average,1,0,0,100000,Pre-harvest Contractor Commisson Agent (Arthi),0,1,0,0,0,0,1,0,Karachi,0,0,0,0,0,0,0,0,0,0,0,0,0,0,0,1,0,0,,Not Answered,0,0,1,,29.395475615747273 66.6222003288567 1728.0 8.5,29.39547562,66.62220033,1728,8.5,Haji Fida Thaykdar,Abdul Hakeem,51653904,d09d152c-f25d-4cda-9c6f-dab7b7feeeed,4/28/20 13:17,,268
4/28/20 6:16,4/28/20 10:06,4/28/20,290c801f12cdf685,,Middle-man (Pre-harvest Contractor/Commission Agent),Kalat,Khaliqabad Mangocher,Rahimabad,Male,>40 years,Pre-harvest Contract,0,0,1,0,0,0,,12,Men,1,0,0,0,100,,Farmer,1,0,0,Average,1,0,0,70000,Cold Store Commisson Agent (Arthi),1,0,0,0,0,0,1,0,Islamabad,0,0,1,0,0,0,0,0,0,0,0,0,0,0,0,0,0,0,,Not Answered,0,0,1,,29.363418105058372 66.63592351600528 1722.0 6.0,29.36341811,66.63592352,1722,6,,Abdul Hakeem,51653919,a240df60-7206-4205-91aa-678d4d4bf3bb,4/28/20 13:17,,276
5/2/20 3:20,5/2/20 12:18,5/2/20,3.53E+14,,Middle-man (Pre-harvest Contractor/Commission Agent),Killah Abdullah,Killah Abdullah,maizai adda,Male,>40 years,Transport,1,0,0,0,0,0,,30,Men,1,0,0,0,80,,Farmer,1,0,0,Average,1,0,0,45000,Cold Store Wholesaler (Mashakhor) Supermarket,1,0,1,0,1,0,0,0,,,,,,,,,,,,,,,,,,,,,Not Answered,0,0,1,,30.68540217 66.71185156 1466.0 5.0,30.68540217,66.71185156,1466,5,maizai adda,Naveed Ahmed,51955601,f2d2f473-c577-4dbd-96b7-0b58c1608b85,5/3/20 10:07,,301
5/2/20 3:25,5/2/20 12:36,5/2/20,3.53E+14,,Middle-man (Pre-harvest Contractor/Commission Agent),Killah Abdullah,Killah Abdullah,maizai,Male,>40 years,Pre-harvest Contract,0,0,1,0,0,0,,30,Men,1,0,0,0,85,,Farmer,1,0,0,Average,1,0,0,50000,Cold Store Supermarket,1,0,0,0,1,0,0,0,,,,,,,,,,,,,,,,,,,,,Not Answered,0,0,1,,30.68548297 66.71121561 1465.0 3.0,30.68548297,66.71121561,1465,3,"maizai , killa abdullah",Naveed Ahmed,51955604,cb7ba017-c9bc-4b2d-af6b-e036373c75c1,5/3/20 10:07,,302
5/2/20 3:33,5/2/20 13:20,5/2/20,3.53E+14,,Middle-man (Pre-harvest Contractor/Commission Agent),Killah Abdullah,Killah Abdullah,kolak kras,Male,>40 years,Pre-harvest Contract,0,0,1,0,0,0,,15,Men,1,0,0,0,80,,Farmer,1,0,0,Average,1,0,0,55000,Cold Store Supermarket,1,0,0,0,1,0,0,0,,,,,,,,,,,,,,,,,,,,,Not Answered,0,0,1,,30.71943549 66.66902873 1519.0 5.0,30.71943549,66.66902873,1519,5,Abdurrahmanzai,Naveed Ahmed,51955606,b49a87c0-7aca-445e-b602-bfa8fdea031d,5/3/20 10:07,,303
5/2/20 7:00,5/2/20 13:36,5/2/20,3.53E+14,,Middle-man (Pre-harvest Contractor/Commission Agent),Killah Abdullah,Killah Abdullah,Machka,Male,>40 years,Transport,1,0,0,0,0,0,,23,Men,1,0,0,0,50,,Farmer,1,0,0,Average,1,0,0,20000,Supermarket,0,0,0,0,1,0,0,0,,,,,,,,,,,,,,,,,,,,,Not Answered,0,0,1,,30.72887248 66.66190452 1540.0 5.0,30.72887248,66.66190452,1540,5,"machka, habibzai",Naveed ahmed,51955607,d41e2a71-73f3-420d-9bd6-4a3779feea17,5/3/20 10:07,,304
5/2/20 7:25,5/3/20 7:45,5/2/20,3.53E+14,,Middle-man (Pre-harvest Contractor/Commission Agent),Killah Abdullah,Killah Abdullah,gulistan kras,Male,>40 years,Transport,1,0,0,0,0,0,,20,Men,1,0,0,0,50,,Farmer,1,0,0,Not Answered,0,0,1,,Supermarket,0,0,0,0,1,0,0,0,,,,,,,,,,,,,,,,,,,,,Not Answered,0,0,1,,30.70662006 66.67115276 1505.0 5.0,30.70662006,66.67115276,1505,5,killa abdullah. kakazai,Naveed Ahmed,51955608,d631db56-a2fc-4180-a702-cd52bc3a96e9,5/3/20 10:07,,305
5/2/20 7:18,5/3/20 10:12,5/2/20,3.53E+14,,Middle-man (Pre-harvest Contractor/Commission Agent),Killah Abdullah,Killah Abdullah,killa abdullah,Male,>40 years,Transport,1,0,0,0,0,0,,21,Men,1,0,0,0,45,,Farmer,1,0,0,Average,1,0,0,70000,Supermarket,0,0,0,0,1,0,0,0,,,,,,,,,,,,,,,,,,,,,Not Answered,0,0,1,,30.72727136 66.66274962 1534.0 5.0,30.72727136,66.66274962,1534,5,din m shelabagh,Naveed Ahmed,51955798,7074fe69-e18c-4ac7-8789-2745d3bee46a,5/3/20 10:12,,306
5/2/20 7:19,5/3/20 10:14,5/2/20,3.53E+14,,Middle-man (Pre-harvest Contractor/Commission Agent),Killah Abdullah,Killah Abdullah,killa abdullah,Male,>40 years,Transport,1,0,0,0,0,0,,25,Men,1,0,0,0,45,,Farmer,1,0,0,Not Answered,0,0,1,,Supermarket,0,0,0,0,1,0,0,0,,,,,,,,,,,,,,,,,,,,,Not Answered,0,0,1,,30.72657312 66.66340505 1507.0 5.0,30.72657312,66.66340505,1507,5,toba,Naveed,51955894,ae51dcf4-2279-4ada-968e-9cebd5a12557,5/3/20 10:15,,307
5/2/20 7:23,5/3/20 10:57,5/2/20,3.53E+14,,Middle-man (Pre-harvest Contractor/Commission Agent),Killah Abdullah,Killah Abdullah,gulistan kras,Male,>40 years,Pre-harvest Contract,0,0,1,0,0,0,,35,Men,1,0,0,0,40,,Farmer,1,0,0,Average,1,0,0,45000,Supermarket,0,0,0,0,1,0,0,0,,,,,,,,,,,,,,,,,,,,,Not Answered,0,0,1,,30.70930252 66.67302829 1472.0 5.0,30.70930252,66.67302829,1472,5,Maizai,Naveed Ahmed,51958122,85535797-a8a9-466f-9219-43071e68313d,5/3/20 10:57,,308
4/1/20 8:05,5/3/20 12:10,4/1/20,3.53E+14,,Middle-man (Pre-harvest Contractor/Commission Agent),Killah Abdullah,Killah Abdullah,maizai ada,Male,>40 years,Pre-harvest Contract,0,0,1,0,0,0,,45,Men,1,0,0,0,60,,Farmer,1,0,0,Average,1,0,0,25000,Supermarket,0,0,0,0,1,0,0,0,,,,,,,,,,,,,,,,,,,,,Not Answered,0,0,1,,30.68274516 66.71352916 1461.0 5.0,30.68274516,66.71352916,1461,5,majak kolazai masezai,Naveed Ahmed,51961392,f993d23a-3001-49fb-92f8-cdcbfe7d26ad,5/3/20 12:16,,309
5/2/20 3:12,5/3/20 12:08,5/2/20,3.53E+14,,Middle-man (Pre-harvest Contractor/Commission Agent),Killah Abdullah,Killah Abdullah,maizai ada,Male,>40 years,Pre-harvest Contract,0,0,1,0,0,0,,10,Men,1,0,0,0,50,,Farmer,1,0,0,Average,1,0,0,40000,Supermarket,0,0,0,0,1,0,0,0,,,,,,,,,,,,,,,,,,,,,Not Answered,0,0,1,,30.68100972 66.71438186 1461.0 5.0,30.68100972,66.71438186,1461,5,maizai,Naveed Ahmed,51961394,521ffdd8-4818-4f46-b9fb-5ce1618cda23,5/3/20 12:16,,310
5/2/20 3:19,5/3/20 12:13,5/2/20,3.53E+14,,Middle-man (Pre-harvest Contractor/Commission Agent),Killah Abdullah,Killah Abdullah,maizai,Male,>40 years,Transport Commission Agent,1,0,0,1,0,0,,20,Men,1,0,0,0,45,,Farmer,1,0,0,Average,1,0,0,70000,Commisson Agent (Arthi),0,0,0,0,0,0,1,0,Islamabad Rawalpindi Sialkot,0,0,1,1,0,1,0,0,0,0,0,0,0,0,0,0,0,0,,Not Answered,0,0,1,,30.68425556 66.71281568 1464.0 5.0,30.68425556,66.71281568,1464,5,toba. habibzai . kolazi,Naveed Ahmed,51961396,6d9986ef-9c63-42d9-87f6-8f285b4f6b59,5/3/20 12:16,,311
5/2/20 3:23,5/3/20 12:16,5/2/20,3.53E+14,,Middle-man (Pre-harvest Contractor/Commission Agent),Killah Abdullah,Killah Abdullah,maizai adda,Male,>40 years,Pre-harvest Contract,0,0,1,0,0,0,,24,Men,1,0,0,0,30,,Farmer,1,0,0,Average,1,0,0,20000,Commisson Agent (Arthi),0,0,0,0,0,0,1,0,Peshawar Faisalabad Islamabad Rawalpindi,1,1,1,1,0,0,0,0,0,0,0,0,0,0,0,0,0,0,,Not Answered,0,0,1,,30.68560023 66.71161928 1476.0 5.0,30.68560023,66.71161928,1476,5,masezi .maizai .imranzai,Naveed Ahmed,51961399,a0c696fb-c83f-4106-a198-8d14a8ee226f,5/3/20 12:16,,312
5/2/20 3:27,5/3/20 12:29,5/2/20,3.53E+14,,Middle-man (Pre-harvest Contractor/Commission Agent),Killah Abdullah,Killah Abdullah,maizai,Male,>40 years,Pre-harvest Contract,0,0,1,0,0,0,,12,Men,1,0,0,0,18,,Farmer Pre-harvest Contractor,1,1,0,Average,1,0,0,6500,Commisson Agent (Arthi),0,0,0,0,0,0,1,0,Peshawar Faisalabad Sialkot Gujranwala,1,1,0,0,0,1,0,1,0,0,0,0,0,0,0,0,0,0,,Not Answered,0,0,1,,30.68522634 66.71060282 1466.0 4.0,30.68522634,66.71060282,1466,4,kolak .badwan .maizai . masezai,Naveed Ahmed,51962038,fd76e0ac-0b08-419b-99cb-70abb6bcfea4,5/3/20 12:29,,313
5/2/20 3:29,5/3/20 12:36,5/2/20,3.53E+14,,Middle-man (Pre-harvest Contractor/Commission Agent),Killah Abdullah,Killah Abdullah,maizai adda,Male,>40 years,Pre-harvest Contract,0,0,1,0,0,0,,6,Men,1,0,0,0,100,,Farmer,1,0,0,Average,1,0,0,46000,Supermarket,0,0,0,0,1,0,0,0,,,,,,,,,,,,,,,,,,,,,Not Answered,0,0,1,,30.68560036 66.71030658 1470.0 5.0,30.68560036,66.71030658,1470,5,abdurrahmanzai,Naveed Ahmed,51962197,b0edd8b8-89d8-4e9c-a6df-dab5af395e13,5/3/20 12:36,,314
5/2/20 3:31,5/3/20 12:44,5/2/20,3.53E+14,,Middle-man (Pre-harvest Contractor/Commission Agent),Killah Abdullah,Killah Abdullah,kolak kras,Male,>40 years,Pre-harvest Contract,0,0,1,0,0,0,,16,Men,1,0,0,0,80,,Farmer,1,0,0,Not Answered,0,0,1,,Cold Store Supermarket Commisson Agent (Arthi),1,0,0,0,1,0,1,0,Peshawar Faisalabad Multan Gujranwala,1,1,0,0,0,0,0,1,1,0,0,0,0,0,0,0,0,0,,Not Answered,0,0,1,,30.71927104 66.66891938 1520.0 5.0,30.71927104,66.66891938,1520,5,Norak sulaimankhail,Naveed Ahmed,51962512,0ce0d9a2-5d35-46b0-9584-c10c8dfa8080,5/3/20 12:44,,315
5/2/20 3:36,5/3/20 13:23,5/2/20,3.53E+14,,Middle-man (Pre-harvest Contractor/Commission Agent),Killah Abdullah,Killah Abdullah,maizai,Male,>40 years,Pre-harvest Contract,0,0,1,0,0,0,,25,Men,1,0,0,0,70,,Farmer,1,0,0,Average,1,0,0,21000,Commisson Agent (Arthi),0,0,0,0,0,0,1,0,Peshawar Sargodha Rawalpindi Gujranwala,1,0,0,1,1,0,0,1,0,0,0,0,0,0,0,0,0,0,,Not Answered,0,0,1,,30.6920266 66.70892507 1482.0 4.0,30.6920266,66.70892507,1482,4,arambi .machka .masezai,Naveed Ahmed,51964065,f0d8fbd3-eedc-4195-8f37-a3fdad23d0ef,5/3/20 13:23,,316
5/2/20 3:38,5/4/20 8:47,5/2/20,3.53E+14,,Middle-man (Pre-harvest Contractor/Commission Agent),Killah Abdullah,Killah Abdullah,toth masezai,Male,>40 years,Pre-harvest Contract,0,0,1,0,0,0,,24,Men,1,0,0,0,73,,Farmer,1,0,0,Average,1,0,0,35000,Supermarket Commisson Agent (Arthi),0,0,0,0,1,0,1,0,Faisalabad Sargodha Rawalpindi,0,1,0,1,1,0,0,0,0,0,0,0,0,0,0,0,0,0,,Not Answered,0,0,1,,30.72979469 66.700443 1498.0 3.0,30.72979469,66.700443,1498,3,dobandi. majak maizai,Naveed Ahmed,52009122,a150511c-5de2-4f26-87c8-f3f0b0b8918f,5/4/20 11:12,,317
5/2/20 3:41,5/4/20 8:50,5/2/20,3.53E+14,,Middle-man (Pre-harvest Contractor/Commission Agent),Killah Abdullah,Killah Abdullah,toth masezai,Male,>40 years,Pre-harvest Contract,0,0,1,0,0,0,,23,Men,1,0,0,0,60,,Farmer,1,0,0,Average,1,0,0,40000,Supermarket Commisson Agent (Arthi),0,0,0,0,1,0,1,0,Sialkot Multan Lahore,0,0,0,0,0,1,1,0,1,0,0,0,0,0,0,0,0,0,,Don't Know,0,1,0,,30.72669733 66.67600664 1517.0 5.0,30.72669733,66.67600664,1517,5,abdurrahmanzai badwan majak,Naveed Ahmed,52009123,2182b70b-f515-49bf-8e1f-6fbe1228cdba,5/4/20 11:12,,318
5/2/20 7:01,5/4/20 8:53,5/2/20,3.53E+14,,Middle-man (Pre-harvest Contractor/Commission Agent),Killah Abdullah,Killah Abdullah,habibzai,Male,25-40 years,Pre-harvest Contract,0,0,1,0,0,0,,23,Men,1,0,0,0,45,,Farmer,1,0,0,Average,1,0,0,45000,Supermarket,0,0,0,0,1,0,0,0,,,,,,,,,,,,,,,,,,,,,Don't Know,0,1,0,,30.72807657 66.66237101 1510.0 5.0,30.72807657,66.66237101,1510,5,majak abdullah khan  habibzai maizai kolak,Naveed Ahmed,52009124,2780093e-238f-4295-83fc-5a3c1da5e9e9,5/4/20 11:12,,319
5/2/20 7:20,5/4/20 8:56,5/2/20,3.53E+14,,Middle-man (Pre-harvest Contractor/Commission Agent),Killah Abdullah,Killah Abdullah,killa abdullah,Male,>40 years,Pre-harvest Contract,0,0,1,0,0,0,,23,Men,1,0,0,0,65,,Farmer,1,0,0,Don't Know,0,1,0,,Commisson Agent (Arthi),0,0,0,0,0,0,1,0,Rawalpindi Islamabad Sialkot Lahore,0,0,1,1,0,1,1,0,0,0,0,0,0,0,0,0,0,0,,Don't Know,0,1,0,,30.7256514 66.66370768 1499.0 5.0,30.7256514,66.66370768,1499,5,"kolak ,habibzai ,norak",Naveed Ahmed,52009125,b8540515-8306-4031-abcf-49f76425003f,5/4/20 11:12,,320
5/2/20 7:34,5/6/20 7:27,5/2/20,3.53E+14,,Middle-man (Pre-harvest Contractor/Commission Agent),Killah Abdullah,Killah Abdullah,Habibzai,Male,25-40 years,Pre-harvest Contract,0,0,1,0,0,0,,15,Men,1,0,0,0,30,,Farmer,1,0,0,Average,1,0,0,8000,Commisson Agent (Arthi),0,0,0,0,0,0,1,0,Peshawar Faisalabad Rawalpindi,1,1,0,1,0,0,0,0,0,0,0,0,0,0,0,0,0,0,,Don't Know,0,1,0,,30.66766511 66.64790217 1457.0 3.0,30.66766511,66.64790217,1457,3,Maizai adda habibzai kolak abdullah khan,Naveed Ahmed,52150300,790ef7c9-167a-4cc4-a2f4-93115007903c,5/6/20 9:19,,321
5/2/20 7:48,5/6/20 7:29,5/2/20,3.53E+14,,Middle-man (Pre-harvest Contractor/Commission Agent),Killah Abdullah,Gulistan,gulistan,Male,>40 years,Pre-harvest Contract,0,0,1,0,0,0,,8,Men,1,0,0,0,100,,Farmer,1,0,0,Average,1,0,0,50000,Cold Store Commisson Agent (Arthi),1,0,0,0,0,0,1,0,Lahore Gujranwala Multan,0,0,0,0,0,0,1,1,1,0,0,0,0,0,0,0,0,0,,Don't Know,0,1,0,,30.61899833 66.59601373 1468.0 5.0,30.61899833,66.59601373,1468,5,Naveed Ahmed,Naveed Ahmed,52150302,8290631c-402c-424b-acd3-e7368b3b0560,5/6/20 9:19,,322
5/2/20 7:49,5/6/20 7:31,5/2/20,3.53E+14,,Middle-man (Pre-harvest Contractor/Commission Agent),Killah Abdullah,Gulistan,gulistan,Male,>40 years,Pre-harvest Contract,0,0,1,0,0,0,,11,Men,1,0,0,0,45,,Farmer,1,0,0,Don't Know,0,1,0,,Supermarket Commisson Agent (Arthi) Cold Store,1,0,0,0,1,0,1,0,Sargodha Rawalpindi Islamabad Faisalabad Peshawar,1,1,1,1,1,0,0,0,0,0,0,0,0,0,0,0,0,0,,Don't Know,0,1,0,,30.61790684 66.59623893 1475.0 4.0,30.61790684,66.59623893,1475,4,,Naveed Ahmed,52150303,f0d2099b-e293-42ad-b06f-d5ace1a34b70,5/6/20 9:19,,323
5/14/20 6:20,5/14/20 6:29,5/14/20,3.54E+14,,Middle-man (Pre-harvest Contractor/Commission Agent),Kalat,Kalat,Jhahan,Male,25-40 years,Pre-harvest Contract,0,0,1,0,0,0,,8,Men,1,0,0,0,3,,Farmer,1,0,0,Average,1,0,0,10000,Supermarket Commisson Agent (Arthi),0,0,0,0,1,0,1,0,Islamabad,0,0,1,0,0,0,0,0,0,0,0,0,0,0,0,0,0,0,,Not Answered,0,0,1,,29.33942714 66.95625319 1562.1640625 4.288,29.33942714,66.95625319,1562.164063,4.288,,NAVEED AHMED,52817679,cbfe528a-7477-448b-a928-f8d22d4da608,5/14/20 17:52,,354
5/14/20 8:15,5/14/20 8:19,5/14/20,3.54E+14,,Middle-man (Pre-harvest Contractor/Commission Agent),Kalat,Kalat,Johan,Male,>40 years,Pre-harvest Contract,0,0,1,0,0,0,,25,Men,1,0,0,0,25,,Farmer,1,0,0,Average,1,0,0,10000,Cold Store Supermarket,1,0,0,0,1,0,0,0,,,,,,,,,,,,,,,,,,,,,Average,1,0,0,500000,29.33638536 66.95827985 1545.262939453125 4.288,29.33638536,66.95827985,1545.262939,4.288,,Naveed Ahmed,52817698,5c15ca38-61e0-4df9-b807-12eb643085c5,5/14/20 17:52,,364
5/14/20 8:52,5/14/20 11:50,5/14/20,3.54E+14,,Middle-man (Pre-harvest Contractor/Commission Agent),Kalat,Kalat,Khaisar,Male,25-40 years,Pre-harvest Contract,0,0,1,0,0,0,,8,Men,1,0,0,0,20,,Farmer,1,0,0,Don't Know,0,1,0,,Commisson Agent (Arthi),0,0,0,0,0,0,1,0,Islamabad Faisalabad Sialkot,0,1,1,0,0,1,0,0,0,0,0,0,0,0,0,0,0,0,,Don't Know,0,1,0,,29.36552215 66.94897344 1607.27734375 4.288,29.36552215,66.94897344,1607.277344,4.288,,Naveed Ahmed,52817713,c17d85d2-6640-4621-a632-c040d7185e36,5/14/20 17:52,,367
5/14/20 9:28,5/14/20 9:32,5/14/20,3.54E+14,,Middle-man (Pre-harvest Contractor/Commission Agent),Kalat,Kalat,Khaisor,Male,25-40 years,Pre-harvest Contract,0,0,1,0,0,0,,12,Men,1,0,0,0,60,,Farmer,1,0,0,Average,1,0,0,20000,Cold Store Supermarket Commisson Agent (Arthi),1,0,0,0,1,0,1,0,Quetta Islamabad Faisalabad,0,1,1,0,0,0,0,0,0,0,0,1,0,0,0,0,0,0,,Not Answered,0,0,1,,29.36848938 66.95620435 1624.169677734375 4.288,29.36848938,66.95620435,1624.169678,4.288,,Naveed Ahmed,52817727,597e2e2e-e1cc-4258-b082-705de573ea26,5/14/20 17:52,,370
5/14/20 9:32,5/14/20 9:35,5/14/20,3.54E+14,,Middle-man (Pre-harvest Contractor/Commission Agent),Kalat,Kalat,Khaisor,Male,15-24 years,Pre-harvest Contract,0,0,1,0,0,0,,32,Men,1,0,0,0,60,,Farmer,1,0,0,Average,1,0,0,16000,Commisson Agent (Arthi),0,0,0,0,0,0,1,0,Quetta,0,0,0,0,0,0,0,0,0,0,0,1,0,0,0,0,0,0,,Not Answered,0,0,1,,29.3683513 66.95657 1625.3798828125 4.288,29.3683513,66.95657,1625.379883,4.288,,Naveed Ahmed,52817755,213ecdbc-528f-4bdc-8a8c-2bfeca549dd5,5/14/20 17:52,,371
5/15/20 2:52,5/15/20 2:55,5/15/20,290c801f12cdf685,,Middle-man (Pre-harvest Contractor/Commission Agent),Kalat,Khaliqabad Mangocher,Chotal,Male,>40 years,Pre-harvest Contract,0,0,1,0,0,0,,30,Men,1,0,0,0,120,,Farmer,1,0,0,Average,1,0,0,50000,Cold Store Commisson Agent (Arthi),1,0,0,0,0,0,1,0,Lahore,0,0,0,0,0,0,1,0,0,0,0,0,0,0,0,0,0,0,,Not Answered,0,0,1,,29.38640161883086 66.65885279886425 1742.0 7.0,29.38640162,66.6588528,1742,7,,Abdul Hakeem,52873420,796d42f6-80e7-4566-8fa3-e0a980eea159,5/15/20 10:57,,388
5/15/20 8:15,5/15/20 8:19,5/15/20,290c801f12cdf685,,Middle-man (Pre-harvest Contractor/Commission Agent),Kalat,Khaliqabad Mangocher,Rahimabad,Male,>40 years,Pre-harvest Contract,0,0,1,0,0,0,,30,Men,1,0,0,0,200,,Farmer,1,0,0,Average,1,0,0,120000,Cold Store Commisson Agent (Arthi),1,0,0,0,0,0,1,0,Lahore,0,0,0,0,0,0,1,0,0,0,0,0,0,0,0,0,0,0,,Not Answered,0,0,1,,29.3562986003235 66.63783014751971 1734.0 5.0,29.3562986,66.63783015,1734,5,,Abdul Hakeem,52884466,a45cfe26-d67c-47cf-9560-08005dde5e77,5/15/20 12:57,,453
5/15/20 8:42,5/15/20 8:45,5/15/20,290c801f12cdf685,,Middle-man (Pre-harvest Contractor/Commission Agent),Kalat,Khaliqabad Mangocher,Rahimabad,Male,>40 years,Pre-harvest Contract,0,0,1,0,0,0,,35,Men,1,0,0,0,400,,Farmer,1,0,0,Average,1,0,0,130000,Cold Store Commisson Agent (Arthi),1,0,0,0,0,0,1,0,Lahore Gujranwala Hafizabad Islamabad,0,0,1,0,0,0,1,1,0,1,0,0,0,0,0,0,0,0,,Not Answered,0,0,1,,29.35328036081046 66.63718390278518 1737.0 5.5,29.35328036,66.6371839,1737,5.5,,Abdul Hakeem,52884470,2e02c3a4-e4f0-4ba1-9024-9dbff5817913,5/15/20 12:57,,455
5/15/20 9:30,5/15/20 9:32,5/15/20,290c801f12cdf685,,Middle-man (Pre-harvest Contractor/Commission Agent),Kalat,Khaliqabad Mangocher,Purana thana,Male,>40 years,Pre-harvest Contract,0,0,1,0,0,0,,20,Men,1,0,0,0,170,,Farmer,1,0,0,Average,1,0,0,65000,Cold Store Commisson Agent (Arthi),1,0,0,0,0,0,1,0,Quetta Other,0,0,0,0,0,0,0,0,0,0,0,1,0,0,0,0,0,1,Rahim yar khan,Not Answered,0,0,1,,29.358146809972823 66.63319788873196 1730.0 6.5,29.35814681,66.63319789,1730,6.5,,Abdul Hakeem,52884482,6c913fc5-7250-4b17-8111-d7cfe14d56d4,5/15/20 12:57,,461
3/19/20 11:30,3/19/20 11:36,3/19/20,290c801f12cdf685,,Middle-man (Pre-harvest Contractor/Commission Agent),Quetta,Quetta City,Shadenzai,Male,25-40 years,Pre-harvest Contract,0,0,1,0,0,0,,45,Men,1,0,0,0,50,,Farmer,1,0,0,Not Answered,0,0,1,,Commisson Agent (Arthi),0,0,0,0,0,0,1,0,Islamabad Rawalpindi,0,0,1,1,0,0,0,0,0,0,0,0,0,0,0,0,0,0,,Not Answered,0,0,1,,30.07492463104427 66.96705185808241 1694.0 5.0,30.07492463,66.96705186,1694,5,,Abdul Hakeem,49283689,8fcea29f-498c-49ca-8738-87b2d7b7029a,3/19/20 11:39,,37
3/19/20 12:24,3/19/20 12:32,3/19/20,290c801f12cdf685,,Middle-man (Pre-harvest Contractor/Commission Agent),Quetta,Quetta City,Shadenzai,Male,>40 years,Pre-harvest Contract,0,0,1,0,0,0,,25,Men,1,0,0,0,20,,Farmer,1,0,0,Average,1,0,0,7000,Commisson Agent (Arthi),0,0,0,0,0,0,1,0,Quetta,0,0,0,0,0,0,0,0,0,0,0,1,0,0,0,0,0,0,,Don't Know,0,1,0,,30.059722918085754 66.95532012730837 1711.0 4.0,30.05972292,66.95532013,1711,4,,Abdul Hakeem,49289442,cc708b8f-815d-4a62-8ab6-94fa5536d422,3/19/20 12:34,,39
3/19/20 12:42,3/19/20 12:52,3/19/20,290c801f12cdf685,,Middle-man (Pre-harvest Contractor/Commission Agent),Quetta,Quetta City,Shadanzai,Male,25-40 years,Pre-harvest Contract,0,0,1,0,0,0,,23,Men,1,0,0,0,10,,Farmer,1,0,0,Average,1,0,0,5000,Commisson Agent (Arthi),0,0,0,0,0,0,1,0,Quetta,0,0,0,0,0,0,0,0,0,0,0,1,0,0,0,0,0,0,,Average,1,0,0,-63000,30.056779361329973 66.95030649192631 1722.0 5.0,30.05677936,66.95030649,1722,5,,Abdul Hakeem,49291569,4a43da8c-54d9-475f-b7d2-10c4da301c98,3/19/20 12:56,,40
3/20/20 6:39,3/20/20 6:44,3/20/20,3.53E+14,,Middle-man (Pre-harvest Contractor/Commission Agent),Killah Abdullah,Killah Abdullah,Maizai,Male,>40 years,Pre-harvest Contract,0,0,1,0,0,0,,42,Men,1,0,0,0,25,,Farmer,1,0,0,Average,1,0,0,135000,Cold Store Commisson Agent (Arthi),1,0,0,0,0,0,1,0,Islamabad Rawalpindi Lahore Gujranwala,0,0,1,1,0,0,1,1,0,0,0,0,0,0,0,0,0,0,,Not Answered,0,0,1,,30.67472852 66.71783252 1472.0 5.0,30.67472852,66.71783252,1472,5,,Naveed Ahmed,49356946,3372f260-7ecf-4194-b8b9-51af835ae7e0,3/20/20 6:44,,57
3/20/20 6:55,3/20/20 6:58,3/20/20,3.53E+14,,Middle-man (Pre-harvest Contractor/Commission Agent),Killah Abdullah,Killah Abdullah,Mazai Ada,Male,>40 years,Pre-harvest Contract,0,0,1,0,0,0,,24,Men,1,0,0,0,40,,Farmer,1,0,0,Average,1,0,0,19000,Commisson Agent (Arthi) Cold Store,1,0,0,0,0,0,1,0,Islamabad Rawalpindi Lahore,0,0,1,1,0,0,1,0,0,0,0,0,0,0,0,0,0,0,,Don't Know,0,1,0,,30.67472541 66.7178355 1472.0 5.0,30.67472541,66.7178355,1472,5,,Naveed Ahmed,49357795,35bb19b4-ff9f-4837-80b1-ace9a41b7a7e,3/20/20 6:58,,61
3/20/20 10:30,3/20/20 10:35,3/20/20,3.53E+14,,Middle-man (Pre-harvest Contractor/Commission Agent),Killah Abdullah,Killah Abdullah,Maizai 2,Male,>40 years,Commission Agent,0,0,0,1,0,0,,15,Men,1,0,0,0,25,,Farmer,1,0,0,Average,1,0,0,4000,Commisson Agent (Arthi),0,0,0,0,0,0,1,0,Peshawar Islamabad Faisalabad,1,1,1,0,0,0,0,0,0,0,0,0,0,0,0,0,0,0,,Average,1,0,0,500000,30.68795664 66.72862018 1496.0 11.0,30.68795664,66.72862018,1496,11,,Naveed Ahmed,49371271,fd329225-d55e-4495-acf0-46a94a6524dc,3/20/20 10:35,,86