start,end,today,deviceid,phonenumber,Category,District,Tehsil,Area_Union Council,Gender,Age,FamilySize,Employ,EmployMen,EmployWomen,EmployDK,EmployNA,EmployMen_No,EmployWomen_No,Buy,Buy_Farmer,Buy_PHC,Buy_CA,Buy_WS,Buy_Mandi,Buy_Other,CA_Loc,CA_Peshawar,CA_Faisalabad,CA_Islamabad,CA_Rawalpindi,CA_Sargodha,CA_Sialkot,CA_Lahore,CA_Gujranwala,CA_Multan,CA_Hafizabad,CA_DIKhan,CA_Quetta,CA_Sukkur,CA_Khairpur,CA_Hyderabad,CA_Karachi,CA_Jacobabad,CA_Other,CA_OtherTxt,MR_Buy_Amt,MR_Buy_Amt_Avg,MR_Buy_Amt_DK,MR_Buy_Amt_NA,Buy_Prod_AvgVal,AppleTypes,AppleTypes_Kaja,AppleTypes_Mashadi,AppleTypes_TorKolu,AppleTypes_ShinKulu,AppleTypes_Amri,AppleTypes_Other,Access,Access_Transport,Access_ColdSt,Access_NA,Pack_Mat,Pack_Mat_Carton,Pack_Mat_Wood,Pack_Mat_DK,Pack_Mat_NA,Loss,Loss_Avg,Loss_DK,Loss_NA,Loss_AvgVal,Sell,Sell_ColdSt,Sell_Cons,Sell_Proc_Exp,Sell_Other,Profit,Profit_Avg,Profit_DK,Profit_NA,Profit_AvgVal,Coord,Coord_Lat,Coord_Lon,Coord_Alt,Coord_Prec,Comments,Enumerator,_id,_uuid,_submission_time,_validation_status,_index
5/14/20 13:42,5/14/20 13:47,5/14/20,290c801f12cdf685,,Retailer,Quetta,Quetta City,Huddah,Male,15-24 years,8,Men,1,0,0,0,1,,Mandi,0,0,0,0,1,0,,,,,,,,,,,,,,,,,,,,,Average,1,0,0,200,Kaja Tor Kulu Shin Kulu,1,0,1,1,0,0,None of the above,0,0,1,Carton Wood,1,1,0,0,Average,1,0,0,25,Consumer,0,1,0,0,Average,1,0,0,50000,30.20617484115064 66.99207971803844 1611.0 8.0,30.20617484,66.99207972,1611,8,,Abdul Hakeem,52789364,4e7f321f-bec4-4d6b-9b5e-4d9a37b56706,5/14/20 13:46,,8
5/14/20 13:33,5/14/20 13:37,5/14/20,290c801f12cdf685,,Retailer,Quetta,Quetta City,Huddah,Male,>40 years,10,Men,1,0,0,0,1,,Mandi,0,0,0,0,1,0,,,,,,,,,,,,,,,,,,,,,Average,1,0,0,100,Kaja Mashadi Tor Kulu Shin Kulu Amri Other,1,1,1,1,1,1,None of the above,0,0,1,Carton Wood,1,1,0,0,Average,1,0,0,5,Consumer,0,1,0,0,Average,1,0,0,30000,30.207077572122216 66.99386313557625 1630.0 10.0,30.20707757,66.99386314,1630,10,,Abdul,52789361,02bd84f3-fd34-4994-8123-819bbae0d6dc,5/14/20 13:46,,9
5/14/20 13:03,5/14/20 13:09,5/14/20,290c801f12cdf685,,Retailer,Quetta,Quetta City,Spiny Road,Male,15-24 years,18,Men,1,0,0,0,2,,Mandi,0,0,0,0,1,0,,,,,,,,,,,,,,,,,,,,,Average,1,0,0,300,Kaja Tor Kulu Shin Kulu,1,0,1,1,0,0,None of the above,0,0,1,Carton Wood,1,1,0,0,Average,1,0,0,10,Consumer,0,1,0,0,Average,1,0,0,30000,30.20360918249935 66.99322225525975 1634.0 5.0,30.20360918,66.99322226,1634,5,,Abdul Hakeem,52789354,1a25ccb7-f361-47e6-a6d9-6180700b59a7,5/14/20 13:46,,10
5/14/20 13:21,5/14/20 13:23,5/14/20,290c801f12cdf685,,Retailer,Quetta,Quetta City,Huddah,Male,25-40 years,10,Men,1,0,0,0,1,,Mandi,0,0,0,0,1,0,,,,,,,,,,,,,,,,,,,,,Average,1,0,0,50,Kaja Tor Kulu Shin Kulu,1,0,1,1,0,0,None of the above,0,0,1,Carton Wood,1,1,0,0,Average,1,0,0,5,Consumer,0,1,0,0,Don't Know,0,1,0,,30.20653849001974 66.99490819126368 1630.0 5.5,30.20653849,66.99490819,1630,5.5,,Abdul Hakeem,52789357,d29f4758-109b-4361-a6dc-a954a7889b81,5/14/20 13:46,,11
5/14/20 13:23,5/14/20 13:38,5/14/20,290c801f12cdf685,,Retailer,Quetta,Quetta City,Huddah,Male,>40 years,10,Men,1,0,0,0,1,,Mandi,0,0,0,0,1,0,,,,,,,,,,,,,,,,,,,,,Average,1,0,0,300,Kaja Tor Kulu Shin Kulu,1,0,1,1,0,0,None of the above,0,0,1,Carton Wood,1,1,0,0,Average,1,0,0,20,Consumer,0,1,0,0,Average,1,0,0,40000,30.206774650141597 66.99365124106407 1627.0 5.0,30.20677465,66.99365124,1627,5,,Abdul Hakeem,52789359,b30f8c44-e965-4af6-a823-e73ff4823b5f,5/14/20 13:46,,12
5/14/20 12:29,5/14/20 13:37,5/14/20,290c801f12cdf685,,Retailer,Quetta,Quetta City,Spiny Road,Male,>40 years,12,Men,1,0,0,0,1,,Mandi,0,0,0,0,1,0,,,,,,,,,,,,,,,,,,,,,Average,1,0,0,100,Kaja Tor Kulu Shin Kulu,1,0,1,1,0,0,None of the above,0,0,1,Carton Wood,1,1,0,0,Average,1,0,0,15,Consumer,0,1,0,0,Average,1,0,0,18000,30.19788643810898 66.96944145485759 1620.0 4.5,30.19788644,66.96944145,1620,4.5,,Abdul Hakeem,52789349,fa8119c6-f96b-44fb-995b-8ca50af89d7e,5/14/20 13:46,,13
5/14/20 12:41,5/14/20 12:48,5/14/20,290c801f12cdf685,,Retailer,Quetta,Quetta City,Spiny Road,Male,25-40 years,10,Men,1,0,0,0,1,,Mandi,0,0,0,0,1,0,,,,,,,,,,,,,,,,,,,,,Average,1,0,0,100,Kaja Shin Kulu,1,0,0,1,0,0,None of the above,0,0,1,Carton Wood,1,1,0,0,Average,1,0,0,5,Consumer,0,1,0,0,Average,1,0,0,20000,30.203515430912375 66.99081907980144 1625.0 5.5,30.20351543,66.99081908,1625,5.5,,Abdul Hakeem,52789351,67d4f42b-6864-43aa-a0fa-3e3b2a01c11c,5/14/20 13:46,,14
5/14/20 12:57,5/14/20 13:00,5/14/20,290c801f12cdf685,,Retailer,Quetta,Quetta City,Spiny Road,Male,>40 years,15,Men,1,0,0,0,1,,Mandi,0,0,0,0,1,0,,,,,,,,,,,,,,,,,,,,,Average,1,0,0,1000,Kaja Tor Kulu Shin Kulu Mashadi Amri,1,1,1,1,1,0,None of the above,0,0,1,Carton Wood,1,1,0,0,Average,1,0,0,40,Consumer,0,1,0,0,Average,1,0,0,2.00E+05,30.203705825842917 66.99154185131192 1622.0 5.0,30.20370583,66.99154185,1622,5,,Abdul Hakeem,52789352,ef8f98f6-d52f-463f-b5ef-634723eb8481,5/14/20 13:46,,15
5/14/20 12:23,5/14/20 12:35,5/14/20,290c801f12cdf685,,Retailer,Quetta,Quetta City,Brewary Road,Male,15-24 years,8,Men,1,0,0,0,1,,Mandi,0,0,0,0,1,0,,,,,,,,,,,,,,,,,,,,,Average,1,0,0,50,Kaja Tor Kulu Shin Kulu,1,0,1,1,0,0,None of the above,0,0,1,Wood Carton,1,1,0,0,Average,1,0,0,5,Consumer,0,1,0,0,Average,1,0,0,10000,30.19018657039851 66.96637401357293 1633.0 5.5,30.19018657,66.96637401,1633,5.5,,Abdul Hakeem,52789345,e30a342f-02b7-4434-a781-d7f583e06b3c,5/14/20 13:46,,16
4/2/20 7:22,4/2/20 7:26,4/2/20,290c801f12cdf685,,Retailer,Quetta,Quetta City,Jinnah Road,Male,25-40 years,35,Men,1,0,0,0,2,,Mandi,0,0,0,0,1,0,,,,,,,,,,,,,,,,,,,,,Average,1,0,0,100,Tor Kulu,0,0,1,0,0,0,None of the above,0,0,1,Wood,0,1,0,0,Average,1,0,0,10,Consumer,0,1,0,0,Average,1,0,0,20000,30.19241422880441 67.00900722295046 1648.0 5.0,30.19241423,67.00900722,1648,5,,Abdul Hakeem,50115861,fc2a811e-35e3-4445-9f47-38b64059e601,4/2/20 7:29,,116
4/2/20 7:28,4/2/20 7:37,4/2/20,290c801f12cdf685,,Retailer,Quetta,Quetta City,Fatima Jinnah road,Male,25-40 years,3,Men,1,0,0,0,2,,Mandi,0,0,0,0,1,0,,,,,,,,,,,,,,,,,,,,,Average,1,0,0,250,Tor Kulu Shin Kulu,0,0,1,1,0,0,None of the above,0,0,1,Wood,0,1,0,0,Average,1,0,0,18,Consumer,0,1,0,0,Average,1,0,0,50000,30.19259917549789 67.01140159741044 1655.0 5.0,30.19259918,67.0114016,1655,5,,Abdul Hakeem,50116172,72235d34-04f0-4e21-8586-cf6e4d316d8e,4/2/20 7:40,,117
4/2/20 7:49,4/2/20 7:56,4/2/20,290c801f12cdf685,,Retailer,Quetta,Quetta City,Shara e Iqbal,Male,25-40 years,20,Men,1,0,0,0,3,,Mandi,0,0,0,0,1,0,,,,,,,,,,,,,,,,,,,,,Average,1,0,0,500,Kaja Tor Kulu Shin Kulu,1,0,1,1,0,0,None of the above,0,0,1,Wood,0,1,0,0,Average,1,0,0,10,Consumer Processor/Exporter,0,1,1,0,Average,1,0,0,60000,30.195927168242633 67.01641380786896 1661.0 5.0,30.19592717,67.01641381,1661,5,"Only purchase sorted product, so less losses",Abdul Hakeem,50116704,ffd8391e-3b32-4f39-9419-26a2e30db768,4/2/20 7:59,,118
4/2/20 8:02,4/2/20 8:18,4/2/20,290c801f12cdf685,,Retailer,Quetta,Quetta City,Toghi Road,Male,>40 years,12,Men,1,0,0,0,2,,Mandi,0,0,0,0,1,0,,,,,,,,,,,,,,,,,,,,,Average,1,0,0,300,Tor Kulu Shin Kulu,0,0,1,1,0,0,None of the above,0,0,1,Wood,0,1,0,0,Average,1,0,0,30,Consumer,0,1,0,0,Average,1,0,0,45000,30.196813470683992 67.02099728398025 1660.0 7.0,30.19681347,67.02099728,1660,7,,Abdul Hakeem,50117504,263adf24-be58-41cb-be1b-b551f17b906f,4/2/20 8:21,,119
4/2/20 8:29,4/2/20 8:36,4/2/20,290c801f12cdf685,,Retailer,Quetta,Quetta City,Model Town,Male,15-24 years,5,Men,1,0,0,0,1,,Mandi,0,0,0,0,1,0,,,,,,,,,,,,,,,,,,,,,Average,1,0,0,400,Kaja Tor Kulu Shin Kulu,1,0,1,1,0,0,None of the above,0,0,1,Wood,0,1,0,0,Average,1,0,0,20,Consumer,0,1,0,0,Average,1,0,0,80000,30.202686628326774 67.00523209758103 1641.0 5.0,30.20268663,67.0052321,1641,5,,Abdul Hakeem,50118267,d48e7be3-520e-4410-a6d1-8ccd2d3b6bf6,4/2/20 8:39,,120
4/2/20 8:47,4/2/20 8:53,4/2/20,290c801f12cdf685,,Retailer,Quetta,Quetta City,GOR colony,Male,25-40 years,6,Men,1,0,0,0,3,,Mandi,0,0,0,0,1,0,,,,,,,,,,,,,,,,,,,,,Average,1,0,0,500,Tor Kulu Shin Kulu,0,0,1,1,0,0,None of the above,0,0,1,Wood,0,1,0,0,Average,1,0,0,20,Consumer,0,1,0,0,Average,1,0,0,1.00E+05,30.221401532180607 67.00080268085003 1586.0 24.5,30.22140153,67.00080268,1586,24.5,,Abdul Hakeem,50119220,dff67842-bb91-47e0-a562-b12ca198bf91,4/2/20 8:56,,121
4/2/20 9:00,4/2/20 9:11,4/2/20,290c801f12cdf685,,Retailer,Quetta,Quetta City,Almo chowk,Male,25-40 years,15,Men,1,0,0,0,3,,Mandi,0,0,0,0,1,0,,,,,,,,,,,,,,,,,,,,,Average,1,0,0,500,Tor Kulu Shin Kulu Kaja,1,0,1,1,0,0,None of the above,0,0,1,Wood,0,1,0,0,Average,1,0,0,50,Consumer,0,1,0,0,Not Answered,0,0,1,,30.229316563345492 66.99721178971231 1630.0 7.0,30.22931656,66.99721179,1630,7,,Abdul Hakeem,50119859,afa7cbdd-6f15-4820-94f6-826eeb3f0a05,4/2/20 9:14,,122
4/2/20 9:13,4/2/20 9:18,4/2/20,290c801f12cdf685,,Retailer,Quetta,Quetta City,Almo chowk,Male,15-24 years,10,Men,1,0,0,0,2,,Mandi,0,0,0,0,1,0,,,,,,,,,,,,,,,,,,,,,Average,1,0,0,400,Tor Kulu Shin Kulu Kaja,1,0,1,1,0,0,None of the above,0,0,1,Wood,0,1,0,0,Average,1,0,0,65,Consumer,0,1,0,0,Average,1,0,0,1.00E+05,30.229224069043994 66.99734439142048 1616.0 5.0,30.22922407,66.99734439,1616,5,,Abdul Hakeem,50120188,c96b3d03-1822-4818-99e9-e44adda31c37,4/2/20 9:21,,123
4/2/20 9:19,4/2/20 9:25,4/2/20,290c801f12cdf685,,Retailer,Quetta,Quetta City,Almo chowk,Male,25-40 years,11,Men,1,0,0,0,3,,Mandi,0,0,0,0,1,0,,,,,,,,,,,,,,,,,,,,,Average,1,0,0,180,Tor Kulu Shin Kulu Kaja,1,0,1,1,0,0,None of the above,0,0,1,Wood,0,1,0,0,Average,1,0,0,20,Consumer,0,1,0,0,Average,1,0,0,20000,30.23008874617517 66.9964849948883 1614.0 9.5,30.23008875,66.99648499,1614,9.5,,Abdul Hakeem,50120456,8d8f2aa0-8490-4387-848d-5de5a1cf767a,4/2/20 9:28,,124
4/2/20 9:37,4/2/20 9:43,4/2/20,290c801f12cdf685,,Retailer,Quetta,Quetta City,Almas,Male,25-40 years,15,Men,1,0,0,0,2,,Mandi,0,0,0,0,1,0,,,,,,,,,,,,,,,,,,,,,Average,1,0,0,100,Kaja Tor Kulu Shin Kulu Amri Other Mashadi,1,1,1,1,1,1,None of the above,0,0,1,Wood Carton,1,1,0,0,Average,1,0,0,10,Consumer,0,1,0,0,Average,1,0,0,15000,30.254237805493176 66.97122126817703 1599.0 12.5,30.25423781,66.97122127,1599,12.5,,Abdul Hakeem,50121191,2cdcb39c-c578-4ce8-a7dd-3521c48ab3af,4/2/20 9:46,,125
4/18/20 3:53,4/18/20 3:57,4/18/20,290c801f12cdf685,,Retailer,Quetta,Quetta City,Brewary,Male,25-40 years,15,Men,1,0,0,0,1,,Mandi,0,0,0,0,1,0,,,,,,,,,,,,,,,,,,,,,Average,1,0,0,150,Tor Kulu Shin Kulu,0,0,1,1,0,0,None of the above,0,0,1,Wood,0,1,0,0,Average,1,0,0,10,Consumer,0,1,0,0,Average,1,0,0,30000,30.190071864053607 66.95532163605094 1683.0 4.5,30.19007186,66.95532164,1683,4.5,,Abdul Hakeem,50965643,8d452dad-0b0f-4788-82db-d8c2cd9b6b71,4/18/20 4:01,,186
4/18/20 3:40,4/18/20 3:42,4/18/20,290c801f12cdf685,,Retailer,Quetta,Quetta City,Brewary,Male,15-24 years,10,Men,1,0,0,0,2,,Mandi,0,0,0,0,1,0,,,,,,,,,,,,,,,,,,,,,Average,1,0,0,100,Tor Kulu Shin Kulu,0,0,1,1,0,0,None of the above,0,0,1,Wood,0,1,0,0,Average,1,0,0,20,Consumer,0,1,0,0,Don't Know,0,1,0,,30.19061161670834 66.9584374409169 1670.0 4.5,30.19061162,66.95843744,1670,4.5,,Abdul Hakeem,50965448,2b76ec4d-49e2-4aea-b9af-bded19018418,4/18/20 3:46,,189
4/18/20 10:23,4/18/20 10:30,4/18/20,290c801f12cdf685,,Retailer,Quetta,Quetta City,Village aid,Male,15-24 years,20,Men,1,0,0,0,2,,Mandi,0,0,0,0,1,0,,,,,,,,,,,,,,,,,,,,,Average,1,0,0,60,Tor Kulu Shin Kulu Kaja,1,0,1,1,0,0,None of the above,0,0,1,Wood,0,1,0,0,Average,1,0,0,6,Consumer,0,1,0,0,Average,1,0,0,10000,30.11680061928928 66.97574690915644 1680.0 6.0,30.11680062,66.97574691,1680,6,,Abdul Hakeem,50981822,f0a5bc3f-7417-4ac0-856c-fdf43702d883,4/18/20 10:33,,203
4/18/20 10:33,4/18/20 10:39,4/18/20,290c801f12cdf685,,Retailer,Quetta,Quetta City,Village aid,Male,15-24 years,45,Men,1,0,0,0,2,,Mandi,0,0,0,0,1,0,,,,,,,,,,,,,,,,,,,,,Average,1,0,0,100,Shin Kulu Tor Kulu,0,0,1,1,0,0,None of the above,0,0,1,Wood,0,1,0,0,Average,1,0,0,20,Consumer,0,1,0,0,Average,1,0,0,20000,30.11787832248956 66.97609442286193 1686.0 5.0,30.11787832,66.97609442,1686,5,,Abdul Hakeem,50983143,9a4bb058-9360-437b-afe6-93eaefb50090,4/18/20 10:42,,204
4/18/20 10:46,4/18/20 10:52,4/18/20,290c801f12cdf685,,Retailer,Quetta,Quetta City,Musa colony,Male,>40 years,15,Men,1,0,0,0,1,,Mandi,0,0,0,0,1,0,,,,,,,,,,,,,,,,,,,,,Average,1,0,0,1000,Shin Kulu,0,0,0,1,0,0,None of the above,0,0,1,Wood,0,1,0,0,Average,1,0,0,35,Consumer,0,1,0,0,Average,1,0,0,2.00E+05,30.141738206148148 66.98191079311073 1674.0 5.0,30.14173821,66.98191079,1674,5,,Abdul Hakeem,50984462,9562769f-64c2-495a-af5f-8f47c3c09c28,4/18/20 11:04,,205
4/18/20 10:52,4/18/20 11:01,4/18/20,290c801f12cdf685,,Retailer,Quetta,Quetta City,Musa colony,Male,>40 years,13,Men,1,0,0,0,1,,Mandi,0,0,0,0,1,0,,,,,,,,,,,,,,,,,,,,,Average,1,0,0,200,Tor Kulu Shin Kulu,0,0,1,1,0,0,None of the above,0,0,1,Wood,0,1,0,0,Average,1,0,0,10,Consumer,0,1,0,0,Average,1,0,0,60000,30.141668217256665 66.98191213421524 1675.0 4.5,30.14166822,66.98191213,1675,4.5,,Abdul Hakeem,50984463,89ccc7f3-7a82-4c76-a566-b8e841de38ba,4/18/20 11:04,,206
4/18/20 11:05,4/18/20 11:10,4/18/20,290c801f12cdf685,,Retailer,Quetta,Quetta City,Sariab road,Male,25-40 years,17,Men,1,0,0,0,2,,Mandi,0,0,0,0,1,0,,,,,,,,,,,,,,,,,,,,,Average,1,0,0,200,Tor Kulu Shin Kulu,0,0,1,1,0,0,None of the above,0,0,1,Wood,0,1,0,0,Average,1,0,0,25,Consumer,0,1,0,0,Average,1,0,0,70000,30.153803159482777 66.98440298438072 1655.0 4.5,30.15380316,66.98440298,1655,4.5,,Abdul Hakeem,50984789,cd219aed-a4fc-4fba-8a07-4218f1115c7a,4/18/20 11:14,,207
4/18/20 11:13,4/18/20 11:19,4/18/20,290c801f12cdf685,,Retailer,Quetta,Quetta City,Irrigation,Male,25-40 years,17,Men,1,0,0,0,1,,Mandi,0,0,0,0,1,0,,,,,,,,,,,,,,,,,,,,,Average,1,0,0,200,Tor Kulu Shin Kulu Kaja,1,0,1,1,0,0,None of the above,0,0,1,Wood Carton,1,1,0,0,Average,1,0,0,30,Consumer,0,1,0,0,Average,1,0,0,30000,30.15463489573449 66.98471604846418 1660.0 5.0,30.1546349,66.98471605,1660,5,,Abdul Hakeem,50985099,876647b7-b895-410d-8846-6071c217741d,4/18/20 11:22,,208
4/18/20 11:20,4/18/20 11:26,4/18/20,290c801f12cdf685,,Retailer,Quetta,Quetta City,Irrigation,Male,>40 years,12,Men,1,0,0,0,2,,Mandi,0,0,0,0,1,0,,,,,,,,,,,,,,,,,,,,,Average,1,0,0,700,Tor Kulu Shin Kulu,0,0,1,1,0,0,None of the above,0,0,1,Wood,0,1,0,0,Average,1,0,0,80,Consumer,0,1,0,0,Don't Know,0,1,0,,30.154867158271372 66.98482987470925 1653.0 6.5,30.15486716,66.98482987,1653,6.5,,Abdul Hakeem,50985474,cb227d8e-2b10-463f-b364-4e9db87f8878,4/18/20 11:29,,209
4/18/20 11:29,4/18/20 11:34,4/18/20,290c801f12cdf685,,Retailer,Quetta,Quetta City,Berma hotel,Male,15-24 years,9,Men,1,0,0,0,1,,Mandi,0,0,0,0,1,0,,,,,,,,,,,,,,,,,,,,,Average,1,0,0,300,Shin Kulu Kaja Tor Kulu,1,0,1,1,0,0,None of the above,0,0,1,Wood,0,1,0,0,Average,1,0,0,15,Consumer,0,1,0,0,Average,1,0,0,70000,30.15815676189959 66.98564819991589 1662.0 5.0,30.15815676,66.9856482,1662,5,,Abdul Hakeem,50986275,e97ce3b5-1939-493a-ba73-a8d4d11d369f,4/18/20 11:44,,210
4/18/20 11:34,4/18/20 11:41,4/18/20,290c801f12cdf685,,Retailer,Quetta,Quetta City,Berma hotel,Male,15-24 years,18,Men,1,0,0,0,2,,Mandi,0,0,0,0,1,0,,,,,,,,,,,,,,,,,,,,,Average,1,0,0,700,Tor Kulu Shin Kulu Kaja,1,0,1,1,0,0,None of the above,0,0,1,Wood Carton,1,1,0,0,Average,1,0,0,50,Consumer,0,1,0,0,Average,1,0,0,140000,30.158343468792737 66.98575012385845 1665.0 8.0,30.15834347,66.98575012,1665,8,,Abdul Hakeem,50986276,7ffe0bd9-e809-41f8-9b89-c5a997e54268,4/18/20 11:44,,211
4/18/20 11:45,4/18/20 11:59,4/18/20,290c801f12cdf685,,Retailer,Quetta,Quetta City,Berma hotel,Male,25-40 years,10,Men,1,0,0,0,1,,Mandi,0,0,0,0,1,0,,,,,,,,,,,,,,,,,,,,,Average,1,0,0,150,Tor Kulu Shin Kulu,0,0,1,1,0,0,None of the above,0,0,1,Carton Wood,1,1,0,0,Average,1,0,0,25,Consumer,0,1,0,0,Average,1,0,0,30000,30.16305908560753 66.98782263323665 1657.0 9.5,30.16305909,66.98782263,1657,9.5,,Abdul Hakeem,50987049,66c95d01-1c82-41a2-bc84-a9b7688ff855,4/18/20 12:02,,212
4/18/20 12:03,4/18/20 12:08,4/18/20,290c801f12cdf685,,Retailer,Quetta,Quetta City,Berma hotel,Male,>40 years,20,Men,1,0,0,0,2,,Mandi,0,0,0,0,1,0,,,,,,,,,,,,,,,,,,,,,Average,1,0,0,50,Tor Kulu Shin Kulu,0,0,1,1,0,0,None of the above,0,0,1,Wood,0,1,0,0,Average,1,0,0,5,Consumer,0,1,0,0,Average,1,0,0,5000,30.16317672561854 66.9878558255732 1659.0 4.5,30.16317673,66.98785583,1659,4.5,,Abdul Hakeem,50987646,9eab75e9-7ae5-4b47-a1c0-3f7a158d16a9,4/18/20 12:11,,213
4/18/20 12:20,4/18/20 12:26,4/18/20,290c801f12cdf685,,Retailer,Quetta,Quetta City,Chalo bawri,Male,25-40 years,25,Men,1,0,0,0,2,,Mandi,0,0,0,0,1,0,,,,,,,,,,,,,,,,,,,,,Average,1,0,0,1000,Tor Kulu Shin Kulu Kaja,1,0,1,1,0,0,None of the above,0,0,1,Wood Carton,1,1,0,0,Average,1,0,0,100,Consumer,0,1,0,0,Average,1,0,0,3.00E+05,30.15601560473442 67.00708231888711 1703.0 4.5,30.1560156,67.00708232,1703,4.5,,Abdul Hakeem,50988380,a059ca9e-0b15-41c1-9dd9-f173bc482405,4/18/20 12:29,,214
4/18/20 12:26,4/18/20 12:33,4/18/20,290c801f12cdf685,,Retailer,Quetta,Quetta City,Chalo bawri,Male,15-24 years,32,Men,1,0,0,0,2,,Mandi,0,0,0,0,1,0,,,,,,,,,,,,,,,,,,,,,Don't Know,0,1,0,,Tor Kulu Shin Kulu Kaja,1,0,1,1,0,0,None of the above,0,0,1,Wood,0,1,0,0,Don't know,0,1,0,,Consumer,0,1,0,0,Don't Know,0,1,0,,30.156121258623898 67.00714585371315 1689.0 5.0,30.15612126,67.00714585,1689,5,,"
Abdul Hakeem",50988575,74887dbc-954d-4ec6-a70b-09f79ffd47ad,4/18/20 12:37,,215
4/18/20 12:35,4/18/20 12:38,4/18/20,290c801f12cdf685,,Retailer,Quetta,Quetta City,Chalo bawri,Male,25-40 years,9,Men,1,0,0,0,1,,Mandi,0,0,0,0,1,0,,,,,,,,,,,,,,,,,,,,,Average,1,0,0,500,Kaja Tor Kulu Shin Kulu,1,0,1,1,0,0,None of the above,0,0,1,Wood Carton,1,1,0,0,Average,1,0,0,20,Consumer,0,1,0,0,Average,1,0,0,1.00E+05,30.155961038544774 67.00711886398494 1687.0 5.5,30.15596104,67.00711886,1687,5.5,,Abdul Hakeem,50988706,3b09fb31-3fb3-4b33-99c6-d0d9ac8bfbaa,4/18/20 12:41,,216
4/18/20 13:09,4/18/20 13:16,4/18/20,290c801f12cdf685,,Retailer,Quetta,Quetta City,Chalo bawri,Male,>40 years,21,Men,1,0,0,0,2,,Mandi,0,0,0,0,1,0,,,,,,,,,,,,,,,,,,,,,Average,1,0,0,400,Tor Kulu Shin Kulu Kaja,1,0,1,1,0,0,None of the above,0,0,1,Wood Carton,1,1,0,0,Average,1,0,0,40,Consumer,0,1,0,0,Average,1,0,0,40000,30.155828688293695 67.0071055367589 1702.0 7.0,30.15582869,67.00710554,1702,7,,Abdul Hakeem,50989934,0977d481-4c30-40e0-b6bb-326a0d7ea003,4/18/20 13:19,,217
4/18/20 13:19,4/18/20 13:24,4/18/20,290c801f12cdf685,,Retailer,Quetta,Quetta City,Chalo bawri,Male,<15 years,60,Men,1,0,0,0,3,,Mandi,0,0,0,0,1,0,,,,,,,,,,,,,,,,,,,,,Average,1,0,0,400,Tor Kulu Shin Kulu Kaja,1,0,1,1,0,0,None of the above,0,0,1,Wood Carton,1,1,0,0,Average,1,0,0,50,Consumer,0,1,0,0,Average,1,0,0,40000,30.155558958649635 67.00705340132117 1682.0 4.5,30.15555896,67.0070534,1682,4.5,,Abdul Hakeem,50990281,573255a3-0d49-4822-b62f-a60fcce5fac0,4/18/20 13:28,,218
4/18/20 13:31,4/18/20 13:38,4/18/20,290c801f12cdf685,,Retailer,Quetta,Quetta City,Bingulzai stop E. Bypass,Male,>40 years,13,Men,1,0,0,0,2,,Mandi,0,0,0,0,1,0,,,,,,,,,,,,,,,,,,,,,Average,1,0,0,1500,Tor Kulu Shin Kulu,0,0,1,1,0,0,None of the above,0,0,1,Carton Wood,1,1,0,0,Average,1,0,0,150,Consumer,0,1,0,0,Average,1,0,0,3.00E+05,30.148506592959166 67.01309340074658 1698.0 5.5,30.14850659,67.0130934,1698,5.5,,Abdul Hakeem,50991010,1780fbaf-7cea-4e01-8af0-69fb3ec850bb,4/18/20 13:41,,219
4/18/20 13:40,4/18/20 13:45,4/18/20,290c801f12cdf685,,Retailer,Quetta,Quetta City,"Bangulzai Stop , E. Bypass",Male,25-40 years,8,Men,1,0,0,0,1,,Mandi,0,0,0,0,1,0,,,,,,,,,,,,,,,,,,,,,Average,1,0,0,500,Kaja Tor Kulu Shin Kulu,1,0,1,1,0,0,None of the above,0,0,1,Carton Wood,1,1,0,0,Average,1,0,0,100,Consumer,0,1,0,0,Average,1,0,0,75000,30.147726028226316 67.01278829947114 1697.0 5.0,30.14772603,67.0127883,1697,5,,Abdul Hakeem,50991387,64677e07-dda8-47ad-b856-0c598c5f16fd,4/18/20 13:48,,220
4/18/20 13:54,4/18/20 14:02,4/18/20,290c801f12cdf685,,Retailer,Quetta,Quetta City,Satellite town,Male,25-40 years,22,Men,1,0,0,0,2,,Mandi,0,0,0,0,1,0,,,,,,,,,,,,,,,,,,,,,Average,1,0,0,1000,Kaja Tor Kulu Shin Kulu,1,0,1,1,0,0,None of the above,0,0,1,Carton Wood,1,1,0,0,Average,1,0,0,10,Consumer,0,1,0,0,Average,1,0,0,2.00E+05,30.160845424979925 67.0021906401962 1701.0 5.0,30.16084542,67.00219064,1701,5,,Abdul Hakeem,50992586,95d24c7d-4440-47d1-8212-78f72a23055f,4/18/20 14:06,,221
4/18/20 14:03,4/18/20 14:12,4/18/20,290c801f12cdf685,,Retailer,Quetta,Quetta City,Satellite town,Male,15-24 years,16,Men,1,0,0,0,1,,Mandi,0,0,0,0,1,0,,,,,,,,,,,,,,,,,,,,,Average,1,0,0,200,Tor Kulu Shin Kulu Kaja,1,0,1,1,0,0,None of the above,0,0,1,Carton Wood,1,1,0,0,Average,1,0,0,10,Consumer,0,1,0,0,Average,1,0,0,40000,30.161003633402288 67.00223749503493 1686.0 5.0,30.16100363,67.0022375,1686,5,,Abdul Hakeem,50993041,6f90fcca-980b-4e80-bd4c-1d3b3d4e2b3f,4/18/20 14:16,,222
4/18/20 14:14,4/18/20 14:19,4/18/20,290c801f12cdf685,,Retailer,Quetta,Quetta City,Satellite town,Male,15-24 years,18,Men,1,0,0,0,3,,Mandi,0,0,0,0,1,0,,,,,,,,,,,,,,,,,,,,,Average,1,0,0,50,Shin Kulu Tor Kulu Kaja,1,0,1,1,0,0,None of the above,0,0,1,Wood,0,1,0,0,Average,1,0,0,7,Consumer,0,1,0,0,Average,1,0,0,10000,30.160985151305795 67.0024477969855 1676.0 6.5,30.16098515,67.0024478,1676,6.5,,Abdul Hakeem,50993282,f71aa19a-cc37-4b0b-b533-e33ac7240bf5,4/18/20 14:22,,223
4/18/20 14:22,4/18/20 14:32,4/18/20,290c801f12cdf685,,Retailer,Quetta,Quetta City,Satellite town,Male,15-24 years,22,Men,1,0,0,0,1,,Commission Agent (Arthi) Mandi,0,0,1,0,1,0,Quetta,0,0,0,0,0,0,0,0,0,0,0,1,0,0,0,0,0,0,,Average,1,0,0,2000,Tor Kulu,0,0,1,0,0,0,None of the above,0,0,1,Carton Wood,1,1,0,0,Average,1,0,0,200,Consumer,0,1,0,0,Average,1,0,0,8.00E+05,30.16393604222685 67.00354540720582 1680.0 4.5,30.16393604,67.00354541,1680,4.5,,Abdul Hakeem,50993975,50894679-0b72-418f-a618-3a0641ebba5e,4/18/20 14:35,,224
4/19/20 5:06,4/19/20 5:19,4/19/20,290c801f12cdf685,,Retailer,Quetta,Quetta City,Brewary,Male,15-24 years,15,Men,1,0,0,0,1,,Mandi,0,0,0,0,1,0,,,,,,,,,,,,,,,,,,,,,Average,1,0,0,100,Kaja Tor Kulu Shin Kulu,1,0,1,1,0,0,None of the above,0,0,1,Wood,0,1,0,0,Average,1,0,0,20,Consumer,0,1,0,0,Average,1,0,0,20000,30.18999068532139 66.97424948215485 1627.0 5.0,30.18999069,66.97424948,1627,5,,Abdul Hakeem,51019719,14b3c7b5-5118-4a57-af88-28aba7095e59,4/19/20 5:22,,225
5/2/20 10:33,5/2/20 10:42,5/2/20,3.5328E+14,,Retailer,Quetta,Quetta City,kuchlak,Male,25-40 years,8,Men,1,0,0,0,4,,Mandi,0,0,0,0,1,0,,,,,,,,,,,,,,,,,,,,,Average,1,0,0,3600,Tor Kulu Shin Kulu,0,0,1,1,0,0,Transport,1,0,0,Wood,0,1,0,0,Average,1,0,0,1000,Consumer,0,1,0,0,Average,1,0,0,1.00E+05,30.36102718 66.95286303 1532.0 4.0,30.36102718,66.95286303,1532,4,,Naveed Ahmed,51911430,7883cff7-82d1-4eb9-9aca-33a832688ac4,5/2/20 10:43,,294
5/2/20 10:08,5/2/20 10:44,5/2/20,3.5328E+14,,Retailer,Quetta,Quetta City,kuchlak,Male,25-40 years,18,Men,1,0,0,0,2,,Mandi,0,0,0,0,1,0,,,,,,,,,,,,,,,,,,,,,Average,1,0,0,180,Tor Kulu Shin Kulu,0,0,1,1,0,0,Transport,1,0,0,Wood,0,1,0,0,Average,1,0,0,8,Consumer,0,1,0,0,Average,1,0,0,15000,30.3615394 66.95310815 1541.0 5.0,30.3615394,66.95310815,1541,5,,Naveed Ahmed,51911465,3e5a0edf-5e0c-4ce0-8919-8b4dfdae66f0,5/2/20 10:44,,295
5/2/20 9:50,5/2/20 10:45,5/2/20,3.5328E+14,,Retailer,Quetta,Quetta City,kuchlak,Male,25-40 years,12,Men,1,0,0,0,4,,Mandi,0,0,0,0,1,0,,,,,,,,,,,,,,,,,,,,,Average,1,0,0,180,Tor Kulu Shin Kulu,0,0,1,1,0,0,Transport,1,0,0,Wood,0,1,0,0,Average,1,0,0,3,Consumer,0,1,0,0,Average,1,0,0,8000,30.36146681 66.95347317 1544.0 5.0,30.36146681,66.95347317,1544,5,,Naveed Ahmed,51911629,7b2f07c4-da32-4011-9f82-435e190f6efe,5/2/20 10:46,,296
5/2/20 9:02,5/2/20 10:47,5/2/20,3.5328E+14,,Retailer,Quetta,Quetta City,kuchlak,Male,15-24 years,19,Men,1,0,0,0,2,,Mandi,0,0,0,0,1,0,,,,,,,,,,,,,,,,,,,,,Average,1,0,0,3600,Tor Kulu Shin Kulu,0,0,1,1,0,0,Transport,1,0,0,Wood Carton,1,1,0,0,Average,1,0,0,300,Consumer,0,1,0,0,Average,1,0,0,1.00E+05,30.3613733 66.95329279 1536.0 5.0,30.3613733,66.95329279,1536,5,,Naveed Ahmed,51911673,e5eac1f4-03f3-4887-9e90-0b53220789b7,5/2/20 10:48,,297
5/2/20 10:49,5/2/20 10:53,5/2/20,3.5328E+14,,Retailer,Quetta,Quetta City,kuchlak,Male,15-24 years,17,Men,1,0,0,0,4,,Mandi,0,0,0,0,1,0,,,,,,,,,,,,,,,,,,,,,Average,1,0,0,360,Tor Kulu Shin Kulu,0,0,1,1,0,0,Transport,1,0,0,Wood,0,1,0,0,Average,1,0,0,30,Consumer,0,1,0,0,Average,1,0,0,3600,30.36083302 66.95290165 1518.0 5.0,30.36083302,66.95290165,1518,5,,Naveed Ahmed,51911808,bed8ad57-4ea2-454a-bbe0-5eac9bcb3fbf,5/2/20 10:53,,298
5/6/20 7:03,5/6/20 7:06,5/6/20,290c801f12cdf685,,Retailer,Quetta,Quetta City,Satellite town,Male,25-40 years,12,Men,1,0,0,0,2,,Mandi,0,0,0,0,1,0,,,,,,,,,,,,,,,,,,,,,Average,1,0,0,500,Shin Kulu,0,0,0,1,0,0,None of the above,0,0,1,Wood,0,1,0,0,Average,1,0,0,20,Consumer,0,1,0,0,Average,1,0,0,1.00E+05,30.16710616182536 67.00137935578823 1677.0 5.0,30.16710616,67.00137936,1677,5,,Abdul Hakeem,52290716,87ed4e89-3b43-441a-8c0d-d658843b2cfe,5/8/20 8:02,,324
5/6/20 7:13,5/6/20 7:21,5/6/20,290c801f12cdf685,,Retailer,Quetta,Quetta City,Satellite town,Male,25-40 years,10,Men,1,0,0,0,2,,Mandi,0,0,0,0,1,0,,,,,,,,,,,,,,,,,,,,,Average,1,0,0,1000,Kaja Mashadi Tor Kulu Shin Kulu Amri,1,1,1,1,1,0,None of the above,0,0,1,Carton Wood,1,1,0,0,Average,1,0,0,40,Consumer,0,1,0,0,Average,1,0,0,2.00E+05,30.166900721378624 67.00181663967669 1671.0 7.0,30.16690072,67.00181664,1671,7,,Abdul Hakeem,52290718,cd1857a9-79c3-45da-8bae-0352616a1dae,5/8/20 8:02,,325
5/6/20 7:14,5/6/20 7:20,5/6/20,290c801f12cdf685,,Retailer,Quetta,Quetta City,Satellite town,Male,15-24 years,7,Men,1,0,0,0,2,,Mandi,0,0,0,0,1,0,,,,,,,,,,,,,,,,,,,,,Average,1,0,0,800,Kaja Tor Kulu Shin Kulu,1,0,1,1,0,0,None of the above,0,0,1,Wood Carton,1,1,0,0,Average,1,0,0,50,Consumer,0,1,0,0,Average,1,0,0,150000,30.166947240941226 67.00174380093813 1667.0 11.5,30.16694724,67.0017438,1667,11.5,,Abdul Hakeem,52290720,0a3f20cc-a92f-41ae-9848-3ec74e37ec28,5/8/20 8:02,,326
5/6/20 7:27,5/6/20 7:29,5/6/20,290c801f12cdf685,,Retailer,Quetta,Quetta City,Satellite town,Male,15-24 years,12,Men,1,0,0,0,1,,Mandi,0,0,0,0,1,0,,,,,,,,,,,,,,,,,,,,,Average,1,0,0,300,Tor Kulu Shin Kulu,0,0,1,1,0,0,Cold Storage,0,1,0,Wood,0,1,0,0,Average,1,0,0,20,Consumer,0,1,0,0,Not Answered,0,0,1,,30.165795609354973 67.0044256746769 1677.0 5.5,30.16579561,67.00442567,1677,5.5,,Abdul Hakeem,52290723,dd0bc5fd-f433-4cdf-b472-320e134da5ae,5/8/20 8:02,,327
5/6/20 7:36,5/6/20 7:40,5/6/20,290c801f12cdf685,,Retailer,Quetta,Quetta City,Satellite town,Male,25-40 years,15,Men,1,0,0,0,3,,Mandi,0,0,0,0,1,0,,,,,,,,,,,,,,,,,,,,,Average,1,0,0,1800,Tor Kulu Shin Kulu Kaja,1,0,1,1,0,0,None of the above,0,0,1,Wood Carton,1,1,0,0,Average,1,0,0,150,Consumer,0,1,0,0,Average,1,0,0,4.00E+05,30.165587151423097 67.00434369966388 1671.0 6.5,30.16558715,67.0043437,1671,6.5,,Abdul Hakeem,52290725,41c0fd8e-562e-4b9a-97bc-c68eb5647652,5/8/20 8:02,,328
5/6/20 7:47,5/6/20 7:51,5/6/20,290c801f12cdf685,,Retailer,Quetta,Quetta City,Mini market,Male,25-40 years,8,Men,1,0,0,0,3,,Mandi,0,0,0,0,1,0,,,,,,,,,,,,,,,,,,,,,Average,1,0,0,400,Kaja Tor Kulu Shin Kulu,1,0,1,1,0,0,None of the above,0,0,1,Wood,0,1,0,0,Average,1,0,0,40,Consumer,0,1,0,0,Average,1,0,0,1.00E+05,30.166728389449418 67.00476983562112 1685.0 6.5,30.16672839,67.00476984,1685,6.5,,Abdul Hakeem,52290727,7bc27de7-c5bd-42ab-8129-f38a16126c54,5/8/20 8:02,,329
5/12/20 11:14,5/12/20 11:19,5/12/20,290c801f12cdf685,,Retailer,Quetta,Quetta City,Golimar Chowk,Male,25-40 years,8,Men,1,0,0,0,1,,Mandi,0,0,0,0,1,0,,,,,,,,,,,,,,,,,,,,,Average,1,0,0,400,Kaja Tor Kulu Shin Kulu,1,0,1,1,0,0,None of the above,0,0,1,Wood,0,1,0,0,Average,1,0,0,20,Consumer,0,1,0,0,Average,1,0,0,1.00E+05,30.18988507334143 66.97987566702068 1613.0 8.0,30.18988507,66.97987567,1613,8,,Abdul Hakeem,52576597,6a02d67f-a545-4da8-ac04-e8cae71f5842,5/12/20 12:22,,330
5/12/20 11:22,5/12/20 11:23,5/12/20,290c801f12cdf685,,Retailer,Quetta,Quetta City,Golimar chowk,Male,25-40 years,15,Men,1,0,0,0,3,,Mandi,0,0,0,0,1,0,,,,,,,,,,,,,,,,,,,,,Average,1,0,0,300,Tor Kulu Shin Kulu,0,0,1,1,0,0,None of the above,0,0,1,Wood,0,1,0,0,Average,1,0,0,20,Consumer,0,1,0,0,Don't Know,0,1,0,,30.189858879894018 66.9801146350801 1617.0 8.0,30.18985888,66.98011464,1617,8,,Abdul Hakeem,52576598,2cf681e5-85c5-4ae1-aa4e-eb9f51df1def,5/12/20 12:22,,331
5/12/20 11:24,5/12/20 11:27,5/12/20,290c801f12cdf685,,Retailer,Quetta,Quetta City,Golimar Chowk,Male,25-40 years,12,Men,1,0,0,0,2,,Mandi,0,0,0,0,1,0,,,,,,,,,,,,,,,,,,,,,Average,1,0,0,200,Kaja Tor Kulu Shin Kulu,1,0,1,1,0,0,None of the above,0,0,1,Wood,0,1,0,0,Don't know,0,1,0,,Consumer,0,1,0,0,Not Answered,0,0,1,,30.18967946525663 66.98050087317824 1612.0 5.5,30.18967947,66.98050087,1612,5.5,,Abdul Hakeem,52576599,548cc9ae-b1d4-4f1f-a5d8-5265aa27bcd9,5/12/20 12:22,,332
5/12/20 11:32,5/12/20 11:34,5/12/20,290c801f12cdf685,,Retailer,Quetta,Quetta City,Ibrahim zai,Male,25-40 years,10,Men,1,0,0,0,2,,Mandi,0,0,0,0,1,0,,,,,,,,,,,,,,,,,,,,,Average,1,0,0,700,Kaja Tor Kulu Shin Kulu,1,0,1,1,0,0,None of the above,0,0,1,Wood,0,1,0,0,Average,1,0,0,30,Consumer,0,1,0,0,Not Answered,0,0,1,,30.18906088080257 66.98446727357805 1637.0 7.0,30.18906088,66.98446727,1637,7,,Abdul Hakeem,52576600,3bd8a426-ade0-455e-a5ae-e9776d4926a2,5/12/20 12:22,,333
5/12/20 11:38,5/12/20 11:48,5/12/20,290c801f12cdf685,,Retailer,Quetta,Quetta City,Ibrahim zai,Male,25-40 years,15,Men,1,0,0,0,1,,Mandi,0,0,0,0,1,0,,,,,,,,,,,,,,,,,,,,,Average,1,0,0,100,Kaja Tor Kulu Shin Kulu Amri,1,0,1,1,1,0,None of the above,0,0,1,Carton Wood,1,1,0,0,Average,1,0,0,5,Consumer,0,1,0,0,Average,1,0,0,20000,30.18892622552812 66.98529113084078 1634.0 5.5,30.18892623,66.98529113,1634,5.5,,Abdul Hakeem,52576601,b618f128-eeca-4b84-bafb-0ce030556f08,5/12/20 12:22,,334
5/12/20 11:43,5/12/20 11:46,5/12/20,290c801f12cdf685,,Retailer,Quetta,Quetta City,Ibrahim zai,Male,25-40 years,8,Men,1,0,0,0,1,,Mandi,0,0,0,0,1,0,,,,,,,,,,,,,,,,,,,,,Average,1,0,0,700,Kaja Tor Kulu Shin Kulu,1,0,1,1,0,0,None of the above,0,0,1,Wood Carton,1,1,0,0,Average,1,0,0,50,Consumer,0,1,0,0,Average,1,0,0,2.00E+06,30.189029155299067 66.98569941334426 1632.0 5.5,30.18902916,66.98569941,1632,5.5,,Abdul Hakeem,52576602,afdb63b6-c7d7-4575-9b8d-3f5401d8f5ce,5/12/20 12:22,,335
5/12/20 11:54,5/12/20 11:56,5/12/20,290c801f12cdf685,,Retailer,Quetta,Quetta City,Wahdat colony,Male,25-40 years,10,Men,1,0,0,0,1,,Mandi,0,0,0,0,1,0,,,,,,,,,,,,,,,,,,,,,Average,1,0,0,350,Kaja Tor Kulu Shin Kulu,1,0,1,1,0,0,None of the above,0,0,1,Wood,0,1,0,0,Average,1,0,0,50,Consumer,0,1,0,0,Average,1,0,0,50000,30.190927698276937 66.99053510092199 1637.0 5.0,30.1909277,66.9905351,1637,5,,Abdul Hakeem,52576604,bd7f9690-3ece-48eb-8882-bf9838a9b4d2,5/12/20 12:22,,336
5/12/20 12:03,5/12/20 12:06,5/12/20,290c801f12cdf685,,Retailer,Quetta,Quetta City,Dayba,Male,>40 years,12,Men,1,0,0,0,1,,Mandi,0,0,0,0,1,0,,,,,,,,,,,,,,,,,,,,,Average,1,0,0,100,Kaja Tor Kulu Shin Kulu,1,0,1,1,0,0,None of the above,0,0,1,Wood,0,1,0,0,Average,1,0,0,20,Consumer,0,1,0,0,Average,1,0,0,20000,30.19494812004268 66.99317649006844 1626.0 6.0,30.19494812,66.99317649,1626,6,,Abdul Hakeem,52576605,8c9d855e-16d3-4042-8260-8d8dcde5cf25,5/12/20 12:22,,337
5/12/20 12:18,5/12/20 12:23,5/12/20,290c801f12cdf685,,Retailer,Quetta,Quetta City,Joint road,Male,>40 years,10,Men,1,0,0,0,1,,Mandi,0,0,0,0,1,0,,,,,,,,,,,,,,,,,,,,,Average,1,0,0,1300,Kaja Tor Kulu Shin Kulu,1,0,1,1,0,0,None of the above,0,0,1,Wood Carton,1,1,0,0,Average,1,0,0,120,Consumer,0,1,0,0,Not Answered,0,0,1,,30.197085295803845 67.00065742246807 1607.0 11.0,30.1970853,67.00065742,1607,11,,Abdul Hakeem,52576606,0fa9232c-f211-4f9e-b967-85e313211f41,5/12/20 12:22,,338
5/20/20 9:56,5/20/20 10:05,5/20/20,290c801f12cdf685,,Retailer,Quetta,Quetta City,Joint Road,Male,25-40 years,15,Men,1,0,0,0,2,,Mandi,0,0,0,0,1,0,,,,,,,,,,,,,,,,,,,,,Average,1,0,0,1000,Kaja Tor Kulu Shin Kulu,1,0,1,1,0,0,None of the above,0,0,1,Carton Wood,1,1,0,0,Average,1,0,0,60,Consumer,0,1,0,0,Average,1,0,0,3.00E+05,30.18500290811062 66.99547254480422 1642.0 5.0,30.18500291,66.99547254,1642,5,,Abdul Hakeem,53344742,0ea1cd7b-2a22-4e7b-bc59-adfbb746e334,5/20/20 12:52,,462
5/20/20 10:09,5/20/20 10:13,5/20/20,290c801f12cdf685,,Retailer,Quetta,Quetta City,Joint Road,Male,25-40 years,20,Men,1,0,0,0,3,,Mandi,0,0,0,0,1,0,,,,,,,,,,,,,,,,,,,,,Average,1,0,0,800,Kaja Tor Kulu Shin Kulu,1,0,1,1,0,0,None of the above,0,0,1,Carton Wood,1,1,0,0,Average,1,0,0,50,Consumer,0,1,0,0,Average,1,0,0,2.00E+05,30.18602315336466 66.99567262083292 1641.0 4.0,30.18602315,66.99567262,1641,4,,Abdul Hakeem,53344743,c6671d5a-c30c-4ac3-9bcc-c138d3512430,5/20/20 12:52,,463
5/20/20 10:15,5/20/20 10:17,5/20/20,290c801f12cdf685,,Retailer,Quetta,Quetta City,Joint Road,Male,>40 years,10,Men,1,0,0,0,1,,Mandi,0,0,0,0,1,0,,,,,,,,,,,,,,,,,,,,,Average,1,0,0,500,Kaja Tor Kulu Shin Kulu,1,0,1,1,0,0,None of the above,0,0,1,Carton Wood,1,1,0,0,Average,1,0,0,30,Consumer,0,1,0,0,Average,1,0,0,1.00E+05,30.186202987097204 66.99577957391739 1640.0 5.0,30.18620299,66.99577957,1640,5,,Abdul Hakeem,53344746,888c94b1-0f40-4ca8-8d99-f9237a6dc49a,5/20/20 12:52,,464
5/20/20 10:24,5/20/20 10:26,5/20/20,290c801f12cdf685,,Retailer,Quetta,Quetta City,Joint Road,Male,>40 years,18,Men,1,0,0,0,3,,Mandi,0,0,0,0,1,0,,,,,,,,,,,,,,,,,,,,,Average,1,0,0,1000,Kaja Shin Kulu Tor Kulu,1,0,1,1,0,0,None of the above,0,0,1,Carton Wood,1,1,0,0,Average,1,0,0,100,Consumer,0,1,0,0,Average,1,0,0,2.00E+05,30.187073405832052 66.9961068034172 1644.0 4.5,30.18707341,66.9961068,1644,4.5,,Abdul Hakeem,53344747,1bc82a28-543f-4ebd-9e02-8a12e38cd4d1,5/20/20 12:52,,465
5/20/20 10:34,5/20/20 10:37,5/20/20,290c801f12cdf685,,Retailer,Quetta,Quetta City,Joint Road,Male,>40 years,8,Men,1,0,0,0,1,,Mandi,0,0,0,0,1,0,,,,,,,,,,,,,,,,,,,,,Average,1,0,0,600,Kaja Tor Kulu Shin Kulu,1,0,1,1,0,0,None of the above,0,0,1,Carton Wood,1,1,0,0,Average,1,0,0,50,Consumer,0,1,0,0,Average,1,0,0,150000,30.194217511452734 66.99977732263505 1637.0 5.0,30.19421751,66.99977732,1637,5,,Abdul Hakeem,53344748,1c23e7af-c580-4cc9-83a2-e9bc48681875,5/20/20 12:52,,466
5/20/20 10:42,5/20/20 10:44,5/20/20,290c801f12cdf685,,Retailer,Quetta,Quetta City,Joint Road,Male,25-40 years,12,Men,1,0,0,0,2,,Mandi,0,0,0,0,1,0,,,,,,,,,,,,,,,,,,,,,Average,1,0,0,2000,Kaja Tor Kulu Shin Kulu,1,0,1,1,0,0,None of the above,0,0,1,Wood,0,1,0,0,Average,1,0,0,100,Consumer,0,1,0,0,Not Answered,0,0,1,,30.19446217920631 66.99985016137362 1642.0 5.0,30.19446218,66.99985016,1642,5,,Abdul Hakeem,53344750,e9c89deb-2c11-4413-8afe-5df879e1c3d2,5/20/20 12:52,,467
5/20/20 10:50,5/20/20 10:51,5/20/20,290c801f12cdf685,,Retailer,Quetta,Quetta City,Joint Road,Male,>40 years,10,Men,1,0,0,0,1,,Mandi,0,0,0,0,1,0,,,,,,,,,,,,,,,,,,,,,Average,1,0,0,1200,Kaja Tor Kulu Shin Kulu,1,0,1,1,0,0,None of the above,0,0,1,Carton Wood,1,1,0,0,Average,1,0,0,50,Consumer,0,1,0,0,Average,1,0,0,250000,30.1958070974797 67.00012240558863 1636.0 5.0,30.1958071,67.00012241,1636,5,,Abdul Hakeem,53344755,534ac5d4-bfb3-4f00-b004-b0b9e8adeced,5/20/20 12:52,,468
5/20/20 10:54,5/20/20 10:58,5/20/20,290c801f12cdf685,,Retailer,Quetta,Quetta City,Joint Road,Male,>40 years,10,Men,1,0,0,0,1,,Mandi,0,0,0,0,1,0,,,,,,,,,,,,,,,,,,,,,Average,1,0,0,1000,Kaja Tor Kulu Shin Kulu,1,0,1,1,0,0,None of the above,0,0,1,Carton Wood,1,1,0,0,Average,1,0,0,100,Consumer,0,1,0,0,Average,1,0,0,1.00E+05,30.195805840194225 67.00011645443738 1641.0 5.0,30.19580584,67.00011645,1641,5,,Abdul Hakeem,53344759,f260d059-c682-45ab-9ec7-7c8b92b78392,5/20/20 12:52,,469
5/20/20 11:11,5/20/20 11:16,5/20/20,290c801f12cdf685,,Retailer,Quetta,Quetta City,Model town,Male,25-40 years,12,Men,1,0,0,0,2,,Mandi,0,0,0,0,1,0,,,,,,,,,,,,,,,,,,,,,Average,1,0,0,500,Kaja Tor Kulu Shin Kulu,1,0,1,1,0,0,None of the above,0,0,1,Carton Wood,1,1,0,0,Average,1,0,0,10,Consumer,0,1,0,0,Average,1,0,0,150000,30.204798197373748 67.00379887595773 1638.0 5.0,30.2047982,67.00379888,1638,5,,Abdul Hakeem,53344761,89b953a8-b8e8-4c34-b6ee-725bc049bc22,5/20/20 12:52,,470
5/20/20 11:40,5/20/20 11:50,5/20/20,290c801f12cdf685,,Retailer,Quetta,Quetta City,Nawankili,Male,>40 years,20,Men,1,0,0,0,3,,Mandi,0,0,0,0,1,0,,,,,,,,,,,,,,,,,,,,,Average,1,0,0,1200,Kaja Tor Kulu Shin Kulu,1,0,1,1,0,0,None of the above,0,0,1,Carton Wood,1,1,0,0,Average,1,0,0,100,Consumer,0,1,0,0,Not Answered,0,0,1,,30.232308274134994 67.01066927053034 1650.0 4.5,30.23230827,67.01066927,1650,4.5,,Abdul Hakeem,53344764,14cdc0ee-522e-4c70-8a76-3e957b802dd6,5/20/20 12:52,,471
5/20/20 11:47,5/20/20 11:49,5/20/20,290c801f12cdf685,,Retailer,Quetta,Quetta City,Nawankili,Male,25-40 years,10,Men,1,0,0,0,2,,Mandi,0,0,0,0,1,0,,,,,,,,,,,,,,,,,,,,,Average,1,0,0,1500,Kaja Tor Kulu Shin Kulu Mashadi Amri,1,1,1,1,1,0,None of the above,0,0,1,Carton Wood,1,1,0,0,Average,1,0,0,100,Consumer,0,1,0,0,Average,1,0,0,3.00E+05,30.23227369878441 67.01093749143183 1673.0 7.5,30.2322737,67.01093749,1673,7.5,,Abdul Hakeem,53344765,d574ca5e-bdad-4127-9892-f16d5cad3d00,5/20/20 12:52,,472
5/20/20 11:58,5/20/20 12:00,5/20/20,290c801f12cdf685,,Retailer,Quetta,Quetta City,Nawankili,Male,25-40 years,12,Men,1,0,0,0,1,,Mandi,0,0,0,0,1,0,,,,,,,,,,,,,,,,,,,,,Average,1,0,0,300,Kaja Shin Kulu Amri Mashadi Tor Kulu,1,1,1,1,1,0,None of the above,0,0,1,Carton Wood,1,1,0,0,Average,1,0,0,20,Consumer,0,1,0,0,Average,1,0,0,50000,30.23215899243951 67.01121803373098 1641.0 4.5,30.23215899,67.01121803,1641,4.5,,Abdul Hakeem,53344766,43792793-aca8-40c7-a802-4dbfa77e1d84,5/20/20 12:52,,473
5/20/20 12:22,5/20/20 12:27,5/20/20,290c801f12cdf685,,Retailer,Quetta,Quetta City,Jinnah town,Male,>40 years,8,Men,1,0,0,0,1,,Mandi,0,0,0,0,1,0,,,,,,,,,,,,,,,,,,,,,Average,1,0,0,1000,Kaja Tor Kulu Shin Kulu,1,0,1,1,0,0,None of the above,0,0,1,Carton Wood,1,1,0,0,Average,1,0,0,20,Consumer,0,1,0,0,Average,1,0,0,3.00E+05,30.213888329453766 66.99125493876636 1632.0 7.0,30.21388833,66.99125494,1632,7,,Abdul Hakeem,53344769,f5945ef2-f0a0-4dde-9a1c-854b706e1d60,5/20/20 12:52,,474
5/20/20 12:32,5/20/20 12:34,5/20/20,290c801f12cdf685,,Retailer,Quetta,Quetta City,Sor pul,Male,>40 years,15,Men,1,0,0,0,3,,Mandi,0,0,0,0,1,0,,,,,,,,,,,,,,,,,,,,,Average,1,0,0,1500,Kaja Tor Kulu Shin Kulu,1,0,1,1,0,0,None of the above,0,0,1,Carton Wood,1,1,0,0,Average,1,0,0,100,Consumer,0,1,0,0,Average,1,0,0,3.00E+05,30.220251535065472 66.97225132025778 1599.0 4.0,30.22025154,66.97225132,1599,4,,Abdul Hakeem,53344772,f1c1a136-24f0-4ce4-a2d0-ca94d9709aa2,5/20/20 12:52,,475
3/19/20 5:20,3/19/20 5:30,3/19/20,290c801f12cdf685,,Retailer,Quetta,Quetta City,Spiny Road,Male,25-40 years,8,Men,1,0,0,0,2,,Mandi,0,0,0,0,1,0,,,,,,,,,,,,,,,,,,,,,Average,1,0,0,120,Kaja Shin Kulu,1,0,0,1,0,0,Transport,1,0,0,Wood,0,1,0,0,Average,1,0,0,36,Consumer Processor/Exporter,0,1,1,0,Average,1,0,0,30000,30.20088992547244 66.98179763741791 1615.0 5.0,30.20088993,66.98179764,1615,5,,Abdul Hakeem,49256832,e40cbce6-99b5-4190-af07-dc4d3dfee5b3,3/19/20 5:33,,7
3/19/20 7:55,3/19/20 8:10,3/19/20,3.52233E+14,,Retailer,Quetta,Quetta City,Shahbaz town,Male,15-24 years,45,Men,1,0,0,0,6,,Wholesaler,0,0,0,1,0,0,,,,,,,,,,,,,,,,,,,,,Average,1,0,0,3000,Tor Kulu Shin Kulu Kaja,1,0,1,1,0,0,Transport Cold Storage,1,1,0,Wood,0,1,0,0,Average,1,0,0,300,Consumer,0,1,0,0,Average,1,0,0,5.00E+05,30.21048298 67.00127217 1652.37060546875 4.288,30.21048298,67.00127217,1652.370605,4.288,Thanks,Mr. Muhammad Sadiq,49269019,461cfc18-a774-44b0-912d-a6cd4e6d2e71,3/19/20 9:01,,8
3/19/20 8:34,3/19/20 8:39,3/19/20,8.60119E+14,,Retailer,Quetta,Quetta City,Jail road,Male,25-40 years,18,Men,1,0,0,0,3,,Wholesaler,0,0,0,1,0,0,,,,,,,,,,,,,,,,,,,,,Average,1,0,0,450,Tor Kulu Shin Kulu,0,0,1,1,0,0,Transport,1,0,0,Wood Carton,1,1,0,0,Average,1,0,0,2,Consumer,0,1,0,0,Average,1,0,0,87000,30.201574768103832 67.00105837412092 1639.7388916015625 4.7,30.20157477,67.00105837,1639.738892,4.7,,Muhammad khalid,49349927,7ee1d8c8-aaa7-4b69-bf83-2b7351ae2880,3/20/20 3:58,,23
3/19/20 8:43,3/19/20 8:49,3/19/20,8.60119E+14,,Retailer,Quetta,Quetta City,Joint road,Male,25-40 years,22,Men,1,0,0,0,5,,Wholesaler,0,0,0,1,0,0,,,,,,,,,,,,,,,,,,,,,Average,1,0,0,500,Kaja Mashadi Tor Kulu Shin Kulu,1,1,1,1,0,0,Transport,1,0,0,Wood Carton,1,1,0,0,Average,1,0,0,10,Consumer,0,1,0,0,Average,1,0,0,1.00E+05,30.195661664521097 67.00009185549835 1642.0369873046875 4.9,30.19566166,67.00009186,1642.036987,4.9,,Muhammad khalid,49349928,3a5cb07f-2743-4ab2-b7b1-b3975091bd2a,3/20/20 3:58,,24
3/19/20 8:01,3/19/20 8:34,3/19/20,8.60119E+14,,Retailer,Quetta,Quetta City,Jail road,Male,>40 years,12,Men,1,0,0,0,2,,Wholesaler,0,0,0,1,0,0,,,,,,,,,,,,,,,,,,,,,Average,1,0,0,400,Kaja Tor Kulu Shin Kulu Mashadi,1,1,1,1,0,0,Transport,1,0,0,Wood,0,1,0,0,Average,1,0,0,1,Consumer,0,1,0,0,Average,1,0,0,80000,30.208126057473123 66.99817446462731 1634.3443696126342 4.9,30.20812606,66.99817446,1634.34437,4.9,,Muhammad khalid,49349926,5670a26c-c527-4e90-a7a4-416f0997586d,3/20/20 3:58,,25
3/19/20 4:41,3/19/20 5:00,3/19/20,290c801f12cdf685,,Retailer,Quetta,Quetta City,Shadenzai,Male,25-40 years,6,Men,1,0,0,0,2,,Mandi,0,0,0,0,1,0,,,,,,,,,,,,,,,,,,,,,Average,1,0,0,36,Tor Kulu Mashadi Shin Kulu,0,1,1,1,0,0,Transport,1,0,0,Carton,1,0,0,0,Average,1,0,0,5,Consumer,0,1,0,0,Don't Know,0,1,0,,30.18707202281803 66.96604577824473 1636.0 5.0,30.18707202,66.96604578,1636,5,,Abdul Hakeem,49255419,36f5b3ee-88ad-4691-ab1d-c5a746398845,3/19/20 5:03,,26
3/19/20 5:02,3/19/20 5:14,3/19/20,290c801f12cdf685,,Retailer,Quetta,Quetta City,Shadanzai,Male,25-40 years,15,Men,1,0,0,0,2,,Mandi,0,0,0,0,1,0,,,,,,,,,,,,,,,,,,,,,Average,1,0,0,60,Tor Kulu Shin Kulu,0,0,1,1,0,0,Transport,1,0,0,Carton Wood,1,1,0,0,Average,1,0,0,15,Consumer,0,1,0,0,Average,1,0,0,10000,30.197788286022842 66.9678282737732 1632.0 5.0,30.19778829,66.96782827,1632,5,,Abdul Hakeem,49256218,edede4ca-201f-4bab-9e3a-95593963528a,3/19/20 5:17,,27
3/19/20 5:34,3/19/20 5:43,3/19/20,290c801f12cdf685,,Retailer,Quetta,Quetta City,Spiny Road,Male,15-24 years,12,Men,1,0,0,0,2,,Mandi,0,0,0,0,1,0,,,,,,,,,,,,,,,,,,,,,Average,1,0,0,500,Shin Kulu Tor Kulu,0,0,1,1,0,0,Transport,1,0,0,Wood,0,1,0,0,Average,1,0,0,75,Consumer Processor/Exporter,0,1,1,0,Don't Know,0,1,0,,30.200728406198323 66.9812492094934 1612.0 5.0,30.20072841,66.98124921,1612,5,,Abdul Hakeem,49257367,cdd1c1f8-49e5-467b-a0b4-93b47d8a7fbb,3/19/20 5:46,,28
3/19/20 5:54,3/19/20 6:01,3/19/20,290c801f12cdf685,,Retailer,Quetta,Quetta City,Brewery Road,Male,25-40 years,5,Men,1,0,0,0,1,,Mandi,0,0,0,0,1,0,,,,,,,,,,,,,,,,,,,,,Average,1,0,0,100,Kaja Tor Kulu Shin Kulu,1,0,1,1,0,0,None of the above,0,0,1,Wood,0,1,0,0,Average,1,0,0,20,Consumer,0,1,0,0,Average,1,0,0,20000,30.18997094593942 66.97970509529114 1604.0 5.0,30.18997095,66.9797051,1604,5,,Abdul Hakeem,49258325,760498ef-6d41-496a-b296-7c7e4af674fa,3/19/20 6:03,,29
3/19/20 6:16,3/19/20 6:28,3/19/20,290c801f12cdf685,,Retailer,Quetta,Quetta City,Sabzal Road,Male,25-40 years,6,Men,1,0,0,0,1,,Mandi,0,0,0,0,1,0,,,,,,,,,,,,,,,,,,,,,Average,1,0,0,60,Shin Kulu,0,0,0,1,0,0,Transport,1,0,0,Wood,0,1,0,0,Average,1,0,0,3,Consumer,0,1,0,0,Average,1,0,0,7000,30.177377806976438 66.98070773854852 1624.0 4.5,30.17737781,66.98070774,1624,4.5,,Abdul Hakeem,49259465,e73b0d3e-a1a9-45b6-942c-804307723e37,3/19/20 6:31,,30
3/19/20 6:14,3/19/20 6:27,3/19/20,8.60119E+14,,Retailer,Quetta,Quetta City,Jinnah town,Male,25-40 years,35,Men,1,0,0,0,3,,Wholesaler,0,0,0,1,0,0,,,,,,,,,,,,,,,,,,,,,Average,1,0,0,200,Kaja Tor Kulu Shin Kulu Mashadi,1,1,1,1,0,0,Transport,1,0,0,Wood Carton,1,1,0,0,Average,1,0,0,10,Consumer,0,1,0,0,Average,1,0,0,102000,30.215757653181065 66.98636694836195 1613.1839599609375 4.9,30.21575765,66.98636695,1613.18396,4.9,,Muhammad khalid,49260144,e71aebcc-3409-42f1-bf58-85f0f903dd0c,3/19/20 6:43,,31
3/19/20 6:28,3/19/20 6:34,3/19/20,8.60119E+14,,Retailer,Quetta,Quetta City,Samangli housing scheme,Male,15-24 years,15,Men,1,0,0,0,3,,Wholesaler,0,0,0,1,0,0,,,,,,,,,,,,,,,,,,,,,Average,1,0,0,150,Kaja Shin Kulu Tor Kulu,1,0,1,1,0,0,Transport,1,0,0,Wood,0,1,0,0,Average,1,0,0,10,Consumer,0,1,0,0,Average,1,0,0,80000,30.215593161663488 66.98591964676473 1619.8450927734375 4.9,30.21559316,66.98591965,1619.845093,4.9,,Muhammad khalid,49260145,17449263-7f51-4d70-b451-50d4d289aa2e,3/19/20 6:43,,32
3/19/20 6:33,3/19/20 6:44,3/19/20,290c801f12cdf685,,Retailer,Quetta,Quetta City,Qambrani Road,Male,15-24 years,6,Men,1,0,0,0,2,,Wholesaler,0,0,0,1,0,0,,,,,,,,,,,,,,,,,,,,,Average,1,0,0,350,Shin Kulu,0,0,0,1,0,0,Transport,1,0,0,Wood,0,1,0,0,Average,1,0,0,25,Consumer Processor/Exporter,0,1,1,0,Average,1,0,0,200,30.168914976529777 66.98442184366286 1659.0 5.0,30.16891498,66.98442184,1659,5,,Abdul Hakeem,49260532,d2ed37f4-4a67-4f7d-a7f3-4641e68d78cb,3/19/20 6:48,,33
3/19/20 6:43,3/19/20 6:51,3/19/20,8.60119E+14,,Retailer,Quetta,Quetta City,Jinnah town,Male,25-40 years,15,Men,1,0,0,0,2,,Wholesaler,0,0,0,1,0,0,,,,,,,,,,,,,,,,,,,,,Average,1,0,0,600,Kaja Tor Kulu Shin Kulu,1,0,1,1,0,0,Transport Cold Storage,1,1,0,Wood Carton,1,1,0,0,Average,1,0,0,6,Consumer,0,1,0,0,Average,1,0,0,3.00E+05,30.21622273969535 66.99210514589909 1653.8468017578125 4.9,30.21622274,66.99210515,1653.846802,4.9,,Muhammad khalid,49262988,f2733032-26bb-4bf0-87ab-8fb90ba50b87,3/19/20 7:23,,34
3/19/20 6:59,3/19/20 7:04,3/19/20,8.60119E+14,,Retailer,Quetta,Quetta City,Jinnah town,Male,25-40 years,20,Men,1,0,0,0,4,,Wholesaler,0,0,0,1,0,0,,,,,,,,,,,,,,,,,,,,,Average,1,0,0,400,Kaja Tor Kulu Shin Kulu,1,0,1,1,0,0,Transport,1,0,0,Carton Wood,1,1,0,0,Don't know,0,1,0,,Consumer,0,1,0,0,Not Answered,0,0,1,,30.214863752720753 66.9925471850626 1642.1065673828125 4.9,30.21486375,66.99254719,1642.106567,4.9,,Muhammad khalid,49262989,945f100b-e4ad-4087-904b-de5be39618c8,3/19/20 7:23,,35
3/23/20 14:17,3/23/20 14:23,3/23/20,3.5328E+14,,Retailer,Quetta,Quetta City,khaizi chock,Male,25-40 years,15,Men,1,0,0,0,2,,Mandi,0,0,0,0,1,0,,,,,,,,,,,,,,,,,,,,,Average,1,0,0,360,Tor Kulu Shin Kulu,0,0,1,1,0,0,Transport,1,0,0,Wood,0,1,0,0,Average,1,0,0,60,Consumer,0,1,0,0,Average,1,0,0,15000,30.22777381 66.95905081 1605.0 5.0,30.22777381,66.95905081,1605,5,,Naveed ahmed,49571344,f4717952-ec28-4052-90f7-d2d9b886effd,3/23/20 14:23,,85
3/23/20 13:38,3/23/20 13:46,3/23/20,3.5328E+14,,Retailer,Quetta,Quetta City,samanguli road khezi,Male,>40 years,10,Men,1,0,0,0,2,,Mandi,0,0,0,0,1,0,,,,,,,,,,,,,,,,,,,,,Average,1,0,0,380,Kaja Mashadi Tor Kulu Shin Kulu Amri Other,1,1,1,1,1,1,Transport,1,0,0,Carton,1,0,0,0,Average,1,0,0,6,Consumer,0,1,0,0,Average,1,0,0,36000,30.23109911 66.95482454 1589.0 5.0,30.23109911,66.95482454,1589,5,,Naveed Ahmed,49567946,8bbb7f7b-8460-4290-9273-2d08d7f78558,3/23/20 13:46,,354
3/23/20 13:32,3/23/20 13:51,3/23/20,3.5328E+14,,Retailer,Quetta,Quetta City,samanguli road,Male,25-40 years,9,Men,1,0,0,0,2,,Mandi,0,0,0,0,1,0,,,,,,,,,,,,,,,,,,,,,Average,1,0,0,540,Tor Kulu Shin Kulu,0,0,1,1,0,0,Transport,1,0,0,Wood,0,1,0,0,Average,1,0,0,12,Consumer,0,1,0,0,Average,1,0,0,36000,30.23110111 66.95503663 1582.0 5.0,30.23110111,66.95503663,1582,5,,Naveed Ahmed,49568254,e435b82f-5088-4293-8c58-24c84f6f915b,3/23/20 13:51,,355
3/23/20 13:37,3/23/20 14:00,3/23/20,3.5328E+14,,Retailer,Quetta,Quetta City,samanguli road khezi,Male,25-40 years,8,Men,1,0,0,0,2,,Mandi,0,0,0,0,1,0,,,,,,,,,,,,,,,,,,,,,Average,1,0,0,50,Tor Kulu Shin Kulu,0,0,1,1,0,0,Transport,1,0,0,Wood,0,1,0,0,Average,1,0,0,6,Consumer,0,1,0,0,Average,1,0,0,7500,30.22976041 66.95669816 1593.0 5.0,30.22976041,66.95669816,1593,5,,Naveed ahmed,49569634,af49a5e2-b504-4be0-b67d-f5ac0be23a30,3/23/20 14:00,,356
3/23/20 14:01,3/23/20 14:04,3/23/20,3.5328E+14,,Retailer,Quetta,Quetta City,khezi,Male,25-40 years,20,Men,1,0,0,0,2,,Mandi,0,0,0,0,1,0,,,,,,,,,,,,,,,,,,,,,Average,1,0,0,700,Shin Kulu Tor Kulu,0,0,1,1,0,0,Transport,1,0,0,Wood,0,1,0,0,Average,1,0,0,200,Consumer,0,1,0,0,Average,1,0,0,7000,30.22969608 66.9568712 1592.0 5.0,30.22969608,66.9568712,1592,5,,Naveed Ahmed,49570146,11fe6e5b-e5e2-4fd9-8520-ad1c12c59f03,3/23/20 14:04,,357
3/23/20 14:08,3/23/20 14:14,3/23/20,3.5328E+14,,Retailer,Quetta,Quetta City,khazai chok,Male,25-40 years,12,Men,1,0,0,0,2,,Mandi,0,0,0,0,1,0,,,,,,,,,,,,,,,,,,,,,Average,1,0,0,360,Tor Kulu Shin Kulu,0,0,1,1,0,0,Transport,1,0,0,Wood,0,1,0,0,Average,1,0,0,30,Consumer,0,1,0,0,Average,1,0,0,6000,30.22909835 66.95821704 1574.0 5.0,30.22909835,66.95821704,1574,5,,Naveed Ahmed,49570822,16e6c47c-ef31-4dd0-a8e2-a5f83565f45d,3/23/20 14:14,,358
3/23/20 14:24,3/23/20 14:29,3/23/20,3.5328E+14,,Retailer,Quetta,Quetta City,khezi chok hazar gangi road,Male,25-40 years,7,Men,1,0,0,0,2,,Mandi,0,0,0,0,1,0,,,,,,,,,,,,,,,,,,,,,Average,1,0,0,300,Tor Kulu Shin Kulu Kaja Mashadi Amri Other,1,1,1,1,1,1,Transport,1,0,0,Wood,0,1,0,0,Average,1,0,0,50,Consumer,0,1,0,0,Average,1,0,0,20000,30.22762045 66.95892175 1585.0 5.0,30.22762045,66.95892175,1585,5,,Naveed Ahm,49572023,7ef6ff5d-b175-4035-bee0-5aac139b5d21,3/23/20 14:29,,359